repo,run_id,run_number,run_attempt,workflow_name,workflow_path,event,conclusion,created_at,duration_seconds,head_branch,actor,head_sha,commit_in_corpus,commit_date,commit_author,files_changed,insertions,deletions,src_ins,tests_ins,ai_coauthored,commit_subject
stripe-wallet,18677422119,1,1,github_actions in /. - Update #1130745325,dynamic/dependabot/dependabot-updates,dynamic,success,2025-10-21T08:15:45Z,50,b-7.4.x,dependabot[bot],15aae949b4ef,1,2025-10-21,Daniil Tkachev,31,1124,2,0,245,0,STRP-52 Add gha
stripe-wallet,18677422425,2,1,github_actions in /. - Update #1130745346,dynamic/dependabot/dependabot-updates,dynamic,success,2025-10-21T08:15:46Z,55,b-7.4.x,dependabot[bot],15aae949b4ef,1,2025-10-21,Daniil Tkachev,31,1124,2,0,245,0,STRP-52 Add gha
stripe-wallet,18689050895,1,1,Development,.github/workflows/development.yml,push,failure,2025-10-21T15:26:39Z,76,b-7.4.x,dantweb,dda199473637,1,2025-10-21,Daniil Tkachev,16,7182,0,0,0,0,STRP-52 Add block-chain-aware inventory manager concept design
stripe-wallet,18712016579,2,1,Development,.github/workflows/development.yml,push,failure,2025-10-22T09:39:26Z,14,b-7.4.x,dantweb,15ab62a76997,1,2025-10-22,Daniil Tkachev,6,4566,1510,0,0,0,STRP-52 Add block-chain-aware inventory manager concept design
stripe-wallet,18713098226,3,1,Development,.github/workflows/development.yml,push,failure,2025-10-22T10:22:20Z,88,b-7.4.x,dantweb,919e68aa9730,1,2025-10-22,Daniil Tkachev,14,5751,0,0,0,0,STRP-52 Add booking platform concept design
stripe-wallet,18717332650,4,1,Development,.github/workflows/development.yml,push,failure,2025-10-22T13:12:35Z,77,b-7.4.x,dantweb,fd4dea92ba3b,1,2025-10-22,Daniil Tkachev,1,829,2,0,0,0,STRP-52 Update smart contract implementation plan
stripe-wallet,18718921227,5,1,Development,.github/workflows/development.yml,push,failure,2025-10-22T14:06:07Z,80,b-7.4.x,dantweb,dbc20eed67dc,1,2025-10-22,Daniil Tkachev,18,370,20,0,370,0,STRP-52 Add tests for smart contracts
stripe-wallet,18745042427,6,1,Development,.github/workflows/development.yml,push,failure,2025-10-23T10:13:03Z,89,b-7.4.x,dantweb,6ccc4135a0f4,1,2025-10-23,Daniil Tkachev,9,2088,3,0,0,0,STRP-52 Update smart contract implementation plan
stripe-wallet,18746037350,7,1,Development,.github/workflows/development.yml,push,failure,2025-10-23T10:54:11Z,85,b-7.4.x-migrations-STRP-56,dantweb,8e51bd4109de,1,2025-10-23,Daniil Tkachev,1,6,4,0,0,0,STRP-52 Update smart contract implementation plan
stripe-wallet,18746339502,8,1,Development,.github/workflows/development.yml,push,failure,2025-10-23T11:07:09Z,360,b-7.4.x-migrations-STRP-56,dantweb,621a12ccfd91,1,2025-10-23,Daniil Tkachev,20,94,4,93,0,0,STRP-52 Add basic module structure
stripe-wallet,18746443321,9,1,Development,.github/workflows/development.yml,push,failure,2025-10-23T11:11:12Z,381,b-7.4.x-migrations-STRP-56,dantweb,60b8b7d9c063,1,2025-10-23,Daniil Tkachev,1,1,2,0,0,0,STRP-52 Add basic module structure
stripe-wallet,18746579974,10,1,Development,.github/workflows/development.yml,push,failure,2025-10-23T11:16:42Z,361,b-7.4.x-migrations-STRP-56,dantweb,e33aa7a35913,1,2025-10-23,Daniil Tkachev,1,21,15,0,0,0,STRP-52 Add basic module structure
stripe-wallet,18746676860,11,1,Development,.github/workflows/development.yml,push,failure,2025-10-23T11:20:35Z,350,b-7.4.x-migrations-STRP-56,dantweb,7147053002e9,1,2025-10-23,Daniil Tkachev,2,2,2,0,0,0,STRP-52 Add basic module structure
stripe-wallet,18748254808,12,1,Development,.github/workflows/development.yml,push,failure,2025-10-23T12:25:11Z,358,b-7.4.x-migrations-STRP-56,dantweb,b254410f9f46,1,2025-10-23,Daniil Tkachev,9,643,5302,0,0,0,STRP-52 Update docs and implementation plan
stripe-wallet,18750110420,13,1,Development,.github/workflows/development.yml,push,failure,2025-10-23T13:32:14Z,369,b-7.4.x-migrations-STRP-56,dantweb,db69ed03d975,1,2025-10-23,Daniil Tkachev,24,781,241,0,142,0,STRP-52 Update test structure and docs
stripe-wallet,18778593071,14,1,Development,.github/workflows/development.yml,push,failure,2025-10-24T11:37:20Z,380,b-7.4.x-migrations-STRP-56,dantweb,9e3db896a4bd,1,2025-10-24,Daniil Tkachev,3,32,3,0,30,0,STRP-52 Update test structure and docs
stripe-wallet,18779489671,15,1,Development,.github/workflows/development.yml,push,failure,2025-10-24T12:17:41Z,357,b-7.4.x-migrations-STRP-56,dantweb,47706f4b7c8c,1,2025-10-24,Daniil Tkachev,15,128,32,84,36,0,STRP-52 Module structure test run
stripe-wallet,18780437289,16,1,Development,.github/workflows/development.yml,push,failure,2025-10-24T12:57:09Z,356,b-7.4.x-migrations-STRP-56,dantweb,c3bb4cb785e7,1,2025-10-24,Daniil Tkachev,8,669,14,0,30,0,STRP-52 Migrations and related tests
stripe-wallet,18780836881,17,1,Development,.github/workflows/development.yml,push,failure,2025-10-24T13:12:48Z,358,b-7.4.x-migrations-STRP-56,dantweb,250ca5efc3ea,1,2025-10-24,Daniil Tkachev,4,0,0,0,0,0,STRP-52 Migrations and related tests
stripe-wallet,18781412260,18,1,Development,.github/workflows/development.yml,push,failure,2025-10-24T13:34:53Z,370,b-7.4.x-migrations-STRP-56,dantweb,66b6dc64eb34,1,2025-10-24,Daniil Tkachev,13,825,2,0,824,0,STRP-52 Migrations and related tests
stripe-wallet,18781845164,19,1,Development,.github/workflows/development.yml,push,failure,2025-10-24T13:51:10Z,348,b-7.4.x-migrations-STRP-56,dantweb,6a0514ab02b2,1,2025-10-24,Daniil Tkachev,5,5,5,0,5,0,STRP-52 Migrations and related tests
stripe-wallet,18782045198,20,1,Development,.github/workflows/development.yml,push,failure,2025-10-24T13:59:19Z,359,b-7.4.x-migrations-STRP-56,dantweb,40fa0a9b13c4,1,2025-10-24,Daniil Tkachev,7,7,13,0,6,0,STRP-52 Migrations and related tests
stripe-wallet,18822145955,21,1,Development,.github/workflows/development.yml,push,failure,2025-10-26T18:40:31Z,391,b-7.4.x-migrations-STRP-56,dantweb,eb1e1bddc4d8,1,2025-10-26,Daniil Tkachev,13,15721,0,0,0,0,STRP-52 Add research papers concept ideas
stripe-wallet,18842420088,22,1,Development,.github/workflows/development.yml,push,failure,2025-10-27T13:21:21Z,351,b-7.4.x-migrations-STRP-56,dantweb,8c3dc1360ee9,1,2025-10-27,Daniil Tkachev,1,3,13,0,0,0,STRP-52 Update install recipe script
stripe-wallet,18844375098,23,1,Development,.github/workflows/development.yml,push,failure,2025-10-27T14:24:25Z,354,b-7.4.x-migrations-STRP-56,dantweb,8631e660726e,1,2025-10-27,Daniil Tkachev,1,10,8,0,0,0,STRP-52 Update install recipe script
stripe-wallet,18844657168,24,1,Development,.github/workflows/development.yml,push,failure,2025-10-27T14:32:58Z,394,b-7.4.x-migrations-STRP-56,dantweb,f3bf279e694c,1,2025-10-27,Daniil Tkachev,3,8,4,0,0,0,STRP-52 Update install recipe script
stripe-wallet,18844713743,25,1,Development,.github/workflows/development.yml,push,failure,2025-10-27T14:34:41Z,461,b-7.4.x-migrations-STRP-56,dantweb,5981b4f6b485,1,2025-10-27,Daniil Tkachev,1,5,4,0,0,0,STRP-52 Update install recipe script
stripe-wallet,18846182394,26,1,Development,.github/workflows/development.yml,push,failure,2025-10-27T15:19:53Z,334,b-7.4.x-migrations-STRP-56,dantweb,90bcf2b18670,1,2025-10-27,Daniil Tkachev,3,2559,0,0,0,0,STRP-52 Add researchb and biz hypotethae
stripe-wallet,18849284368,27,1,Development,.github/workflows/development.yml,push,failure,2025-10-27T16:59:07Z,322,b-7.4.x-migrations-STRP-56,dantweb,b1f02f6b22fa,1,2025-10-27,Daniil Tkachev,35,15858,0,0,0,0,STRP-52 Add research and biz hypotethae
stripe-wallet,18850211647,28,1,Development,.github/workflows/development.yml,push,failure,2025-10-27T17:29:55Z,348,b-7.4.x-migrations-STRP-56,dantweb,ab42f981dd2b,1,2025-10-27,Daniil Tkachev,13,61941,48,0,0,0,STRP-52 Add research and biz hypotethae
stripe-wallet,18851110796,29,1,Development,.github/workflows/development.yml,push,failure,2025-10-27T18:02:29Z,328,b-7.4.x-migrations-STRP-56,dantweb,24a8b4252097,1,2025-10-27,Daniil Tkachev,7,32,6,0,0,0,STRP-52 Update biz-diagrams
stripe-wallet,18858022956,3,1,github_actions in /. - Update #1136135671,dynamic/dependabot/dependabot-updates,dynamic,success,2025-10-27T22:40:38Z,39,b-7.4.x,dependabot[bot],6ccc4135a0f4,1,2025-10-23,Daniil Tkachev,9,2088,3,0,0,0,STRP-52 Update smart contract implementation plan
stripe-wallet,18858893242,30,1,Development,.github/workflows/development.yml,push,failure,2025-10-27T23:25:09Z,66,dependabot/github_actions/actions/upload-artifact-5,dependabot[bot],dcdd7769704b,0,,,,,,,,,
stripe-wallet,18858893775,31,1,Development,.github/workflows/development.yml,pull_request,failure,2025-10-27T23:25:11Z,65,dependabot/github_actions/actions/upload-artifact-5,dependabot[bot],dcdd7769704b,0,,,,,,,,,
stripe-wallet,18869385166,32,1,Development,.github/workflows/development.yml,push,failure,2025-10-28T08:59:20Z,306,b-7.4.x,dantweb,24a8b4252097,1,2025-10-27,Daniil Tkachev,7,32,6,0,0,0,STRP-52 Update biz-diagrams
stripe-wallet,18939357150,33,1,Development,.github/workflows/development.yml,push,failure,2025-10-30T11:37:49Z,333,b-7.4.x-events-STRP-59,dantweb,21d961ac385c,0,,,,,,,,,
stripe-wallet,18939590465,34,1,Development,.github/workflows/development.yml,push,failure,2025-10-30T11:47:47Z,324,b-7.4.x-events-STRP-59,dantweb,cfaebd956cd3,0,,,,,,,,,
stripe-wallet,18939692592,35,1,Development,.github/workflows/development.yml,push,failure,2025-10-30T11:52:10Z,321,b-7.4.x-events-STRP-59,dantweb,607e1e729a43,0,,,,,,,,,
stripe-wallet,18940473220,36,1,Development,.github/workflows/development.yml,push,failure,2025-10-30T12:22:56Z,330,b-7.4.x-events-STRP-59,dantweb,20afa1376054,0,,,,,,,,,
stripe-wallet,18941421455,37,1,Development,.github/workflows/development.yml,push,failure,2025-10-30T12:59:09Z,347,b-7.4.x-events-STRP-59,dantweb,d672db5b17af,0,,,,,,,,,
stripe-wallet,18942387670,38,1,Development,.github/workflows/development.yml,push,failure,2025-10-30T13:32:50Z,321,b-7.4.x-events-STRP-59,dantweb,f23d606081ec,0,,,,,,,,,
stripe-wallet,18943059305,39,1,Development,.github/workflows/development.yml,push,failure,2025-10-30T13:54:46Z,329,b-7.4.x-events-STRP-59,dantweb,f0167c7c3b87,0,,,,,,,,,
stripe-wallet,18945581180,40,1,Development,.github/workflows/development.yml,push,failure,2025-10-30T15:14:43Z,343,b-7.4.x-events-STRP-59,dantweb,90b5cac287fa,0,,,,,,,,,
stripe-wallet,18946192253,41,1,Development,.github/workflows/development.yml,push,failure,2025-10-30T15:33:58Z,335,b-7.4.x-events-STRP-59,dantweb,be1bba9fbc5a,0,,,,,,,,,
stripe-wallet,18967529378,42,1,Development,.github/workflows/development.yml,push,failure,2025-10-31T08:51:26Z,308,b-7.4.x-events-STRP-59,dantweb,f70a91f16f42,0,,,,,,,,,
stripe-wallet,18967748345,43,1,Development,.github/workflows/development.yml,push,failure,2025-10-31T09:01:32Z,356,b-7.4.x-events-STRP-59,dantweb,f896e70e2111,1,2025-10-30,Daniil Tkachev,137,26120,360,2584,4751,0,STRP-59 Add contract and event layers
stripe-wallet,18967823787,44,1,Development,.github/workflows/development.yml,push,failure,2025-10-31T09:04:41Z,322,b-7.4.x,dantweb,f896e70e2111,1,2025-10-30,Daniil Tkachev,137,26120,360,2584,4751,0,STRP-59 Add contract and event layers
stripe-wallet,18967832686,4,1,github_actions in / for actions/upload-artifact - Update #1139358927,dynamic/dependabot/dependabot-updates,dynamic,success,2025-10-31T09:05:02Z,45,b-7.4.x,dependabot[bot],f896e70e2111,1,2025-10-30,Daniil Tkachev,137,26120,360,2584,4751,0,STRP-59 Add contract and event layers
stripe-wallet,18967851311,45,1,Development,.github/workflows/development.yml,push,failure,2025-10-31T09:05:50Z,321,dependabot/github_actions/actions/upload-artifact-5,dependabot[bot],4e7f2c77036c,0,,,,,,,,,
stripe-wallet,18967851791,46,1,Development,.github/workflows/development.yml,pull_request,failure,2025-10-31T09:05:51Z,330,dependabot/github_actions/actions/upload-artifact-5,dependabot[bot],4e7f2c77036c,0,,,,,,,,,
stripe-wallet,18967852103,5,1,github_actions in / for actions/upload-artifact - Update #1139359752,dynamic/dependabot/dependabot-updates,dynamic,success,2025-10-31T09:05:52Z,42,b-7.4.x,dependabot[bot],f896e70e2111,1,2025-10-30,Daniil Tkachev,137,26120,360,2584,4751,0,STRP-59 Add contract and event layers
stripe-wallet,18968913742,47,1,Development,.github/workflows/development.yml,push,failure,2025-10-31T09:50:56Z,332,b-7.4.x-provider-sdk-STRP-60,dantweb,d906cbf4a5ea,1,2025-10-31,Daniil Tkachev,44,6494,26,2234,1554,0,STRP-60 Add provider SDK adapter integration
stripe-wallet,18969318523,48,1,Development,.github/workflows/development.yml,push,failure,2025-10-31T10:08:31Z,314,b-7.4.x-provider-sdk-STRP-60,dantweb,7a6d50d74004,1,2025-10-31,Daniil Tkachev,28,1654,2,447,810,0,STRP-60 Add webhook system
stripe-wallet,18969476990,49,1,Development,.github/workflows/development.yml,push,failure,2025-10-31T10:15:00Z,316,b-7.4.x-provider-sdk-STRP-60,dantweb,a60d52d96f6a,1,2025-10-31,Daniil Tkachev,11,83,15,30,53,0,STRP-60 Update styles
stripe-wallet,18969715797,50,1,Development,.github/workflows/development.yml,push,failure,2025-10-31T10:24:50Z,300,b-7.4.x-provider-sdk-STRP-60,dantweb,c5bba94e5938,1,2025-10-31,Daniil Tkachev,3,120,31,105,15,0,STRP-60 Update styles
stripe-wallet,18969792856,51,1,Development,.github/workflows/development.yml,push,failure,2025-10-31T10:27:57Z,311,b-7.4.x-provider-sdk-STRP-60,dantweb,b7cde7d8833c,1,2025-10-31,Daniil Tkachev,9,0,9,0,0,0,STRP-60 Update styles
stripe-wallet,18970950824,52,1,Development,.github/workflows/development.yml,push,failure,2025-10-31T11:18:08Z,342,b-7.4.x-provider-sdk-STRP-60,dantweb,df0437f25218,1,2025-10-31,Daniil Tkachev,53,2651,800,104,252,0,STRP-60 Update models handling
stripe-wallet,18971835665,53,1,Development,.github/workflows/development.yml,push,failure,2025-10-31T11:58:33Z,396,b-7.4.x-provider-sdk-STRP-60,dantweb,2c0523cb5048,1,2025-10-31,Daniil Tkachev,30,1624,93,174,8,0,STRP-60 Update interface pattern
stripe-wallet,18972291499,54,1,Development,.github/workflows/development.yml,push,failure,2025-10-31T12:18:02Z,344,b-7.4.x-provider-sdk-STRP-60,dantweb,1bfd15ab4f65,1,2025-10-31,Daniil Tkachev,20,199,89,199,0,0,STRP-60 Style fix
stripe-wallet,18972561733,55,1,Development,.github/workflows/development.yml,push,failure,2025-10-31T12:29:21Z,307,b-7.4.x-provider-sdk-STRP-60,dantweb,517e31ed6f8a,1,2025-10-31,Daniil Tkachev,5,195,77,180,15,0,STRP-60 Style fix
stripe-wallet,18972640669,56,1,Development,.github/workflows/development.yml,push,failure,2025-10-31T12:32:44Z,331,b-7.4.x-provider-sdk-STRP-60,dantweb,8873315d1360,1,2025-10-31,Daniil Tkachev,1,81,18,81,0,0,STRP-60 Style fix
stripe-wallet,18977911337,57,1,Development,.github/workflows/development.yml,push,failure,2025-10-31T15:53:08Z,80,b-7.4.x-provider-sdk-STRP-60,dantweb,cdb3a8067656,1,2025-10-31,Daniil Tkachev,23,3841,782,867,1265,0,STRP-60 Update migrations
stripe-wallet,19033194743,58,1,Development,.github/workflows/development.yml,push,failure,2025-11-03T11:31:56Z,79,b-7.4.x-provider-sdk-STRP-60,dantweb,2cfbb7928462,1,2025-11-03,Daniil Tkachev,2,5,5,0,5,0,STRP-60 Update migrations
stripe-wallet,19033478589,59,1,Development,.github/workflows/development.yml,push,failure,2025-11-03T11:40:09Z,81,b-7.4.x-provider-sdk-STRP-60,dantweb,03368794a5eb,1,2025-11-03,Daniil Tkachev,4,10,22,0,0,0,STRP-60 Update migrations
stripe-wallet,19033750859,60,1,Development,.github/workflows/development.yml,push,failure,2025-11-03T11:51:05Z,78,b-7.4.x-provider-sdk-STRP-60,dantweb,10c7f3f09192,1,2025-11-03,Daniil Tkachev,4,386,2,0,0,0,STRP-60 Update migrations
stripe-wallet,19033856639,61,1,Development,.github/workflows/development.yml,push,failure,2025-11-03T11:55:58Z,72,b-7.4.x-provider-sdk-STRP-60,dantweb,de98e837212f,1,2025-11-03,Daniil Tkachev,1,4,2,0,0,0,STRP-60 Update migrations
stripe-wallet,19033912977,62,1,Development,.github/workflows/development.yml,push,failure,2025-11-03T11:58:45Z,73,b-7.4.x-provider-sdk-STRP-60,dantweb,0581b697ed6d,1,2025-11-03,Daniil Tkachev,2,0,1,0,0,0,STRP-60 Update migrations
stripe-wallet,19034083547,63,1,Development,.github/workflows/development.yml,push,failure,2025-11-03T12:05:34Z,75,b-7.4.x-provider-sdk-STRP-60,dantweb,5c157a5b8465,1,2025-11-03,Daniil Tkachev,3,8,20,0,0,0,STRP-60 Update migrations
stripe-wallet,19034160669,64,1,Development,.github/workflows/development.yml,push,failure,2025-11-03T12:08:31Z,69,b-7.4.x-provider-sdk-STRP-60,dantweb,8540b1be4994,1,2025-11-03,Daniil Tkachev,1,4,2,0,0,0,STRP-60 Update migrations
stripe-wallet,19034249745,65,1,Development,.github/workflows/development.yml,push,failure,2025-11-03T12:11:56Z,69,b-7.4.x-provider-sdk-STRP-60,dantweb,e1a5e1f7f65a,1,2025-11-03,Daniil Tkachev,1,2,2,0,0,0,STRP-60 Update migrations
stripe-wallet,19034304289,66,1,Development,.github/workflows/development.yml,push,failure,2025-11-03T12:14:00Z,83,b-7.4.x-provider-sdk-STRP-60,dantweb,11ceb64b333d,1,2025-11-03,Daniil Tkachev,1,0,1,0,0,0,STRP-60 Update migrations
stripe-wallet,19034356386,67,1,Development,.github/workflows/development.yml,push,failure,2025-11-03T12:15:52Z,315,b-7.4.x-provider-sdk-STRP-60,dantweb,9d5cea4f5d04,1,2025-11-03,Daniil Tkachev,1,1,1,0,0,0,STRP-60 Update migrations
stripe-wallet,19034588005,68,1,Development,.github/workflows/development.yml,push,failure,2025-11-03T12:24:54Z,305,b-7.4.x-provider-sdk-STRP-60,dantweb,5387efe84220,1,2025-11-03,Daniil Tkachev,1,1,1,0,0,0,STRP-60 Update migrations
stripe-wallet,19034726408,69,1,Development,.github/workflows/development.yml,push,failure,2025-11-03T12:30:24Z,320,b-7.4.x-provider-sdk-STRP-60,dantweb,b5ba02a41314,1,2025-11-03,Daniil Tkachev,8,40,19,0,39,0,STRP-60 Update migrations
stripe-wallet,19034904449,70,1,Development,.github/workflows/development.yml,push,failure,2025-11-03T12:37:18Z,336,b-7.4.x-provider-sdk-STRP-60,dantweb,18914aedfef0,1,2025-11-03,Daniil Tkachev,1,1,0,0,0,0,STRP-60 Update migrations
stripe-wallet,19037257845,71,1,Development,.github/workflows/development.yml,push,failure,2025-11-03T14:02:43Z,350,b-7.4.x-provider-sdk-STRP-60,dantweb,fec5369985c1,1,2025-11-03,Daniil Tkachev,1,3,3,0,3,0,STRP-60 Update migrations
stripe-wallet,19037744443,72,1,Development,.github/workflows/development.yml,push,failure,2025-11-03T14:19:17Z,320,b-7.4.x-provider-sdk-STRP-60,dantweb,79df62b18f7a,1,2025-11-03,Daniil Tkachev,1,2,2,0,0,0,STRP-60 Update migrations
stripe-wallet,19038151351,73,1,Development,.github/workflows/development.yml,push,failure,2025-11-03T14:33:16Z,313,b-7.4.x-provider-sdk-STRP-60,dantweb,af70deee1f66,1,2025-11-03,Daniil Tkachev,1,4,0,0,0,0,STRP-60 Update migrations
stripe-wallet,19038349401,74,1,Development,.github/workflows/development.yml,push,failure,2025-11-03T14:40:03Z,349,b-7.4.x-provider-sdk-STRP-60,dantweb,5c4e8e82be17,1,2025-11-03,Daniil Tkachev,1,48,15,0,48,0,STRP-60 Update tests
stripe-wallet,19040352872,75,1,Development,.github/workflows/development.yml,push,failure,2025-11-03T15:45:13Z,331,b-7.4.x-provider-sdk-STRP-60,dantweb,879f75a35623,1,2025-11-03,Daniil Tkachev,1,2,173,0,0,0,STRP-60 Update tests
stripe-wallet,19040547101,76,1,Development,.github/workflows/development.yml,push,failure,2025-11-03T15:51:36Z,353,b-7.4.x-provider-sdk-STRP-60,dantweb,39a1c5045986,1,2025-11-03,Daniil Tkachev,2,17,3,0,15,0,STRP-60 Update tests
stripe-wallet,19040679898,77,1,Development,.github/workflows/development.yml,push,failure,2025-11-03T15:56:16Z,320,b-7.4.x-provider-sdk-STRP-60,dantweb,814739702606,1,2025-11-03,Daniil Tkachev,1,2,3,0,0,0,STRP-60 Update tests
stripe-wallet,19040860291,78,1,Development,.github/workflows/development.yml,push,failure,2025-11-03T16:02:33Z,317,b-7.4.x-provider-sdk-STRP-60,dantweb,2753d64e7005,1,2025-11-03,Daniil Tkachev,3,3,5,0,2,0,STRP-60 Update tests
stripe-wallet,19051561632,6,1,github_actions in /. - Update #1142711606,dynamic/dependabot/dependabot-updates,dynamic,success,2025-11-03T22:39:02Z,39,b-7.4.x,dependabot[bot],f896e70e2111,1,2025-10-30,Daniil Tkachev,137,26120,360,2584,4751,0,STRP-59 Add contract and event layers
stripe-wallet,19063710035,79,1,Development,.github/workflows/development.yml,push,failure,2025-11-04T09:18:16Z,69,b-7.4.x,dantweb,2753d64e7005,1,2025-11-03,Daniil Tkachev,3,3,5,0,2,0,STRP-60 Update tests
stripe-wallet,19063719741,7,1,github_actions in / for actions/upload-artifact - Update #1143170744,dynamic/dependabot/dependabot-updates,dynamic,success,2025-11-04T09:18:37Z,43,b-7.4.x,dependabot[bot],2753d64e7005,1,2025-11-03,Daniil Tkachev,3,3,5,0,2,0,STRP-60 Update tests
stripe-wallet,19063740820,80,1,Development,.github/workflows/development.yml,push,failure,2025-11-04T09:19:21Z,67,dependabot/github_actions/actions/upload-artifact-5,dependabot[bot],53dc2aa2d31d,0,,,,,,,,,
stripe-wallet,19063741443,81,1,Development,.github/workflows/development.yml,pull_request,failure,2025-11-04T09:19:22Z,65,dependabot/github_actions/actions/upload-artifact-5,dependabot[bot],53dc2aa2d31d,0,,,,,,,,,
stripe-wallet,19063749246,8,1,github_actions in / for actions/upload-artifact - Update #1143171560,dynamic/dependabot/dependabot-updates,dynamic,success,2025-11-04T09:19:41Z,47,b-7.4.x,dependabot[bot],2753d64e7005,1,2025-11-03,Daniil Tkachev,3,3,5,0,2,0,STRP-60 Update tests
stripe-wallet,19066241992,82,1,Development,.github/workflows/development.yml,push,failure,2025-11-04T10:52:30Z,329,b-7.4.x,dantweb,d27bccc9cc7a,1,2025-11-04,Daniil Tkachev,1,1,1,0,0,0,Fix gha
stripe-wallet,19066672886,83,1,Development,.github/workflows/development.yml,push,failure,2025-11-04T11:09:26Z,320,b-7.4.x-capture-STRP-63,dantweb,70b2fbd14d49,1,2025-11-04,Daniil Tkachev,4,14,21,0,12,0,STRP-63 Update github actions and migrations test
stripe-wallet,19066967284,84,1,Development,.github/workflows/development.yml,push,failure,2025-11-04T11:20:45Z,81,b-7.4.x-capture-STRP-63,dantweb,be1f2c352a09,1,2025-11-04,Daniil Tkachev,2,6,1,0,0,0,STRP-64 Update development.yml
stripe-wallet,19068452410,85,1,Development,.github/workflows/development.yml,push,failure,2025-11-04T12:21:00Z,344,b-7.4.x-capture-STRP-63,dantweb,d6a5271babee,1,2025-11-04,Daniil Tkachev,2,30,1,0,0,0,STRP-64 Update gha
stripe-wallet,19068665372,86,1,Development,.github/workflows/development.yml,push,failure,2025-11-04T12:29:19Z,330,b-7.4.x-capture-STRP-63,dantweb,c010d5f303ec,1,2025-11-04,Daniil Tkachev,1,1,1,0,0,0,STRP-64 Update gha
stripe-wallet,19068920140,87,1,Development,.github/workflows/development.yml,push,failure,2025-11-04T12:39:03Z,328,b-7.4.x-capture-STRP-63,dantweb,ce2f6e96e577,1,2025-11-04,Daniil Tkachev,1,28,14,0,0,0,STRP-64 Update gha
stripe-wallet,19069383066,88,1,Development,.github/workflows/development.yml,push,failure,2025-11-04T12:56:58Z,322,b-7.4.x-capture-STRP-63,dantweb,93b16bd5f6fb,1,2025-11-04,Daniil Tkachev,3,2,49,0,0,0,STRP-64 Update gha
stripe-wallet,19069492729,89,1,Development,.github/workflows/development.yml,push,failure,2025-11-04T13:01:18Z,311,b-7.4.x,dantweb,93b16bd5f6fb,1,2025-11-04,Daniil Tkachev,3,2,49,0,0,0,STRP-64 Update gha
stripe-wallet,19069605055,90,1,Development,.github/workflows/development.yml,push,failure,2025-11-04T13:05:31Z,331,b-7.4.x-devday-251104,dantweb,8b445001d839,1,2025-11-04,Daniil Tkachev,1,1,1,0,0,0,STRP-64 Update gha
stripe-wallet,19069700665,91,1,Development,.github/workflows/development.yml,push,failure,2025-11-04T13:09:08Z,349,b-7.4.x,dantweb,8b445001d839,1,2025-11-04,Daniil Tkachev,1,1,1,0,0,0,STRP-64 Update gha
stripe-wallet,19070380364,92,1,Development,.github/workflows/development.yml,push,failure,2025-11-04T13:33:08Z,395,b-7.4.x-capture-STRP-63,dantweb,3a2dd62b8bad,0,,,,,,,,,
stripe-wallet,19072299354,93,1,Development,.github/workflows/development.yml,push,failure,2025-11-04T14:38:26Z,348,b-7.4.x-capture-STRP-63,dantweb,50d331f54d7a,0,,,,,,,,,
stripe-wallet,19098880687,94,1,Development,.github/workflows/development.yml,push,failure,2025-11-05T10:25:27Z,327,b-7.4.x-capture-STRP-63,dantweb,a639c808f629,0,,,,,,,,,
stripe-wallet,19099472432,95,1,Development,.github/workflows/development.yml,push,failure,2025-11-05T10:47:49Z,319,b-7.4.x-capture-STRP-63,dantweb,0dc6ee205287,0,,,,,,,,,
stripe-wallet,19099794778,96,1,Development,.github/workflows/development.yml,push,failure,2025-11-05T11:01:05Z,344,b-7.4.x-capture-STRP-63,dantweb,9584efa3e3b9,0,,,,,,,,,
stripe-wallet,19100261118,97,1,Development,.github/workflows/development.yml,push,failure,2025-11-05T11:19:03Z,331,b-7.4.x-capture-STRP-63,dantweb,66562a6d7442,0,,,,,,,,,
stripe-wallet,19100566003,98,1,Development,.github/workflows/development.yml,push,failure,2025-11-05T11:31:03Z,328,b-7.4.x-capture-STRP-63,dantweb,cca40bced15c,0,,,,,,,,,
stripe-wallet,19100904136,99,1,Development,.github/workflows/development.yml,push,failure,2025-11-05T11:45:03Z,334,b-7.4.x-capture-STRP-63,dantweb,ceb23dad2dc5,0,,,,,,,,,
stripe-wallet,19103603572,100,1,Development,.github/workflows/development.yml,push,failure,2025-11-05T13:29:04Z,329,b-7.4.x-capture-STRP-63,dantweb,cf3c34376a6a,0,,,,,,,,,
stripe-wallet,19104089698,101,1,Development,.github/workflows/development.yml,push,success,2025-11-05T13:46:53Z,346,b-7.4.x-capture-STRP-63,dantweb,afa8fdaac429,0,,,,,,,,,
stripe-wallet,19104280727,102,1,Development,.github/workflows/development.yml,push,failure,2025-11-05T13:53:46Z,334,b-7.4.x-capture-STRP-63,dantweb,25da9a0c5d50,1,2025-11-04,Daniil Tkachev,46,33569,285,513,750,0,STRP-63 Create capture and refund
stripe-wallet,19104643238,103,1,Development,.github/workflows/development.yml,push,success,2025-11-05T14:06:22Z,355,b-7.4.x-capture-STRP-63,dantweb,eb00a15ed528,1,2025-11-05,Daniil Tkachev,5,61,5,54,6,0,STRP-63 Update doctrine styles
stripe-wallet,19104913249,104,1,Development,.github/workflows/development.yml,push,failure,2025-11-05T14:15:20Z,335,b-7.4.x-STRP-54,sosenx,50d331f54d7a,0,,,,,,,,,
stripe-wallet,19106119912,105,1,Development,.github/workflows/development.yml,push,success,2025-11-05T14:55:28Z,355,b-7.4.x-capture-STRP-63,dantweb,9a1b2378fb0c,1,2025-11-05,Daniil Tkachev,1,483,0,0,0,0,STRP-63 Update code quality standards
stripe-wallet,19106131436,106,1,Development,.github/workflows/development.yml,push,success,2025-11-05T14:55:52Z,338,b-7.4.x,dantweb,9a1b2378fb0c,1,2025-11-05,Daniil Tkachev,1,483,0,0,0,0,STRP-63 Update code quality standards
stripe-wallet,19107579016,107,2,Development,.github/workflows/development.yml,push,failure,2025-11-05T15:42:42Z,113,b-7.4.x-STRP-54,sosenx,86bcd5399605,0,,,,,,,,,
stripe-wallet,19107914393,108,1,Development,.github/workflows/development.yml,push,failure,2025-11-05T15:53:57Z,77,b-7.4.x-STRP-54,sosenx,d3658413c9a1,0,,,,,,,,,
stripe-wallet,19108430541,109,1,Development,.github/workflows/development.yml,push,failure,2025-11-05T16:11:01Z,329,b-7.4.x-STRP-54,dantweb,0ea6d8b0f0da,1,2025-11-05,Daniil Tkachev,2,11,3,0,10,0,STRP-63 Fix tests
stripe-wallet,19109203226,110,1,Development,.github/workflows/development.yml,push,failure,2025-11-05T16:37:23Z,71,b-7.4.x-STRP-54,sosenx,1098cd3b0efe,1,2025-11-05,Bartosz Sosnowski,2,44,49,0,12,0,Metadada and configuration validation
stripe-wallet,19133290993,111,1,Development,.github/workflows/development.yml,push,failure,2025-11-06T10:54:23Z,334,b-7.4.x-STRP-54,sosenx,4f0ec374e097,1,2025-11-06,Bartosz Sosnowski,8,295,328,48,215,0,Module settings handling
stripe-wallet,19133602636,112,1,Development,.github/workflows/development.yml,push,failure,2025-11-06T11:06:40Z,334,b-7.4.x-STRP-54,sosenx,e2e82e314318,1,2025-11-06,Bartosz Sosnowski,1,24,13,24,0,0,Code style fixes
stripe-wallet,19133837971,113,1,Development,.github/workflows/development.yml,push,failure,2025-11-06T11:15:41Z,337,b-7.4.x-STRP-54,sosenx,9d32ea30cab7,1,2025-11-06,Bartosz Sosnowski,2,9,6,9,0,0,Code style fixes
stripe-wallet,19134211013,114,1,Development,.github/workflows/development.yml,push,success,2025-11-06T11:30:24Z,306,b-7.4.x-STRP-54,sosenx,cbffcd0a7dbb,1,2025-11-06,Bartosz Sosnowski,2,37,9,11,26,0,STRP-54 Code style fixes
stripe-wallet,19134390203,115,1,Development,.github/workflows/development.yml,push,success,2025-11-06T11:37:26Z,324,b-7.4.x-security-STRP-64,dantweb,1a09fbd8cf8b,0,,,,,,,,,
stripe-wallet,19134606680,116,1,Development,.github/workflows/development.yml,push,success,2025-11-06T11:46:38Z,339,b-7.4.x-security-STRP-64,dantweb,9a1772649fec,0,,,,,,,,,
stripe-wallet,19134673299,117,1,Development,.github/workflows/development.yml,push,success,2025-11-06T11:49:33Z,334,b-7.4.x-STRP-54,sosenx,146f7f25ceb2,1,2025-11-06,Bartosz Sosnowski,3,334,0,66,173,0,"STRP-54 Code style fixes, pre commit checks script"
stripe-wallet,19135045496,118,1,Development,.github/workflows/development.yml,push,success,2025-11-06T12:05:20Z,352,b-7.4.x-STRP-54,sosenx,5486b1988982,1,2025-11-06,Bartosz Sosnowski,1,57,39,0,0,0,STRP-54 task progress update
stripe-wallet,19161951680,119,1,Development,.github/workflows/development.yml,push,success,2025-11-07T07:58:05Z,346,b-7.4.x-security-STRP-64,dantweb,ccee433d07d4,0,,,,,,,,,
stripe-wallet,19162724248,120,1,Development,.github/workflows/development.yml,push,failure,2025-11-07T08:32:58Z,327,b-7.4.x-security-STRP-64,dantweb,2e198e426c1f,0,,,,,,,,,
stripe-wallet,19163002183,121,1,Development,.github/workflows/development.yml,pull_request,success,2025-11-07T08:45:08Z,315,b-7.4.x-STRP-54,sosenx,5486b1988982,1,2025-11-06,Bartosz Sosnowski,1,57,39,0,0,0,STRP-54 task progress update
stripe-wallet,19163022106,122,1,Development,.github/workflows/development.yml,push,success,2025-11-07T08:45:56Z,364,b-7.4.x,sosenx,88675079936c,1,2025-11-07,Bartek Sosnowski,0,0,0,0,0,0,Merge pull request #3 from OXID-eSales/b-7.4.x-STRP-54
stripe-wallet,19163025985,123,1,Development,.github/workflows/development.yml,push,failure,2025-11-07T08:46:06Z,319,b-7.4.x-security-STRP-64,dantweb,0ad759e4e850,0,,,,,,,,,
stripe-wallet,19163324158,124,1,Development,.github/workflows/development.yml,push,failure,2025-11-07T08:58:37Z,355,b-7.4.x-security-STRP-64,dantweb,32b0150f5025,1,2025-11-07,Daniil Tkachev,2,1,3,0,0,0,STRP-64 Update stripe adapter
stripe-wallet,19163914404,125,1,Development,.github/workflows/development.yml,push,failure,2025-11-07T09:22:03Z,329,b-7.4.x-security-STRP-64,dantweb,059996a8c7ca,1,2025-11-07,Daniil Tkachev,19,2935,2,769,1428,0,STRP-64 Update styles
stripe-wallet,19163957863,126,1,Development,.github/workflows/development.yml,push,failure,2025-11-07T09:23:41Z,327,b-7.4.x-security-STRP-64,dantweb,3dc17a414c34,1,2025-11-07,Daniil Tkachev,1,4,6,0,0,0,STRP-64 Update styles check CI/CD
stripe-wallet,19164117660,127,1,Development,.github/workflows/development.yml,push,failure,2025-11-07T09:29:58Z,335,b-7.4.x-security-STRP-64,dantweb,ea975cad878f,1,2025-11-07,Daniil Tkachev,1,1,0,0,0,0,STRP-64 Update styles check CI/CD
stripe-wallet,19166445225,128,1,Development,.github/workflows/development.yml,push,failure,2025-11-07T11:05:09Z,326,b-7.4.x-security-STRP-64,dantweb,ddc752c8bf8e,1,2025-11-07,Daniil Tkachev,2,2,3,0,1,0,STRP-64 Update styles check CI/CD
stripe-wallet,19166524002,129,1,Development,.github/workflows/development.yml,push,cancelled,2025-11-07T11:08:14Z,78,b-7.4.x-security-STRP-64,dantweb,0dac8752f466,1,2025-11-07,Daniil Tkachev,1,1,1,0,0,0,STRP-64 Update styles check CI/CD
stripe-wallet,19167257043,130,1,Development,.github/workflows/development.yml,push,cancelled,2025-11-07T11:39:08Z,172,b-7.4.x-security-STRP-64,dantweb,96759f502a4a,1,2025-11-07,Daniil Tkachev,2,65,16,0,14,0,STRP-64 Update styles check CI/CD
stripe-wallet,19167305884,131,1,Development,.github/workflows/development.yml,push,success,2025-11-07T11:41:20Z,337,b-7.4.x-security-STRP-64,dantweb,cd92f5b75393,1,2025-11-07,Daniil Tkachev,1,1,3,0,0,0,STRP-64 Update styles check CI/CD
stripe-wallet,19167379271,132,1,Development,.github/workflows/development.yml,push,success,2025-11-07T11:44:39Z,324,b-7.4.x,dantweb,cd92f5b75393,1,2025-11-07,Daniil Tkachev,1,1,3,0,0,0,STRP-64 Update styles check CI/CD
stripe-wallet,19169475947,133,1,Development,.github/workflows/development.yml,push,failure,2025-11-07T13:14:04Z,349,b-7.4.x-stripe-STRP-65,dantweb,41621a62c691,0,,,,,,,,,
stripe-wallet,19169802655,134,1,Development,.github/workflows/development.yml,push,failure,2025-11-07T13:26:33Z,417,b-7.4.x-stripe-STRP-65,dantweb,77498afb1d0b,0,,,,,,,,,
stripe-wallet,19172381218,135,1,Development,.github/workflows/development.yml,push,failure,2025-11-07T15:06:36Z,740,b-7.4.x-stripe-STRP-65,dantweb,ff8301baa85c,0,,,,,,,,,
stripe-wallet,19173104122,136,1,Development,.github/workflows/development.yml,push,failure,2025-11-07T15:33:05Z,752,b-7.4.x-stripe-STRP-65,dantweb,60f5cffc995e,0,,,,,,,,,
stripe-wallet,19174547019,137,1,Development,.github/workflows/development.yml,push,failure,2025-11-07T16:26:48Z,751,b-7.4.x-stripe-STRP-65,dantweb,628b10631eaf,0,,,,,,,,,
stripe-wallet,19174704207,138,1,Development,.github/workflows/development.yml,push,failure,2025-11-07T16:32:59Z,337,b-7.4.x-STRP-54,sosenx,d9e9d968f607,1,2025-11-07,Bartosz Sosnowski,9,539,6,318,0,0,STRP-54 Configuration - tokens fetch
stripe-wallet,19175173439,139,1,Development,.github/workflows/development.yml,push,success,2025-11-07T16:51:42Z,757,b-7.4.x-stripe-STRP-65,dantweb,6bb523458c5f,1,2025-11-07,Daniil Tkachev,2,444,0,0,175,0,STRP-64 Update Stripe adapter SDK tests
stripe-wallet,19229736804,140,1,Development,.github/workflows/development.yml,push,success,2025-11-10T11:15:39Z,753,b-7.4.x,dantweb,6bb523458c5f,1,2025-11-07,Daniil Tkachev,2,444,0,0,175,0,STRP-64 Update Stripe adapter SDK tests
stripe-wallet,19248332413,9,1,github_actions in /. - Update #1148601272,dynamic/dependabot/dependabot-updates,dynamic,success,2025-11-10T22:35:43Z,239,b-7.4.x,dependabot[bot],6bb523458c5f,1,2025-11-07,Daniil Tkachev,2,444,0,0,175,0,STRP-64 Update Stripe adapter SDK tests
stripe-wallet,19260848667,141,1,Development,.github/workflows/development.yml,push,failure,2025-11-11T09:17:22Z,759,b-7.4.x-STRP-54,sosenx,95a0c421e126,1,2025-11-11,Bartosz Sosnowski,0,0,0,0,0,0,Merge remote-tracking branch 'origin/b-7.4.x-STRP-54' into b-7.4.x-STRP-54
stripe-wallet,19263513740,142,1,Development,.github/workflows/development.yml,push,cancelled,2025-11-11T11:02:22Z,306,b-7.4.x-STRP-54,sosenx,7129d568f01c,1,2025-11-11,Bartosz Sosnowski,10,96,48,47,44,0,STRP-54 Refactor
stripe-wallet,19263543281,143,1,Development,.github/workflows/development.yml,push,failure,2025-11-11T11:03:30Z,730,b-7.4.x-STRP-54,sosenx,ee0e7b7b815c,1,2025-11-11,Bartosz Sosnowski,1,207,0,0,207,0,STRP-54 Stripe client factory test
stripe-wallet,19265724964,144,1,Development,.github/workflows/development.yml,push,failure,2025-11-11T12:32:39Z,747,b-7.4.x-STRP-54,sosenx,7aafc05b1484,1,2025-11-11,Bartosz Sosnowski,1,17,9,0,17,0,STRP-54 corrected test
stripe-wallet,19266018571,145,1,Development,.github/workflows/development.yml,push,failure,2025-11-11T12:44:28Z,739,b-7.4.x-STRP-54,sosenx,cca80a2f833b,1,2025-11-11,Bartosz Sosnowski,2,2,2,2,0,0,STRP-54 CS fix
stripe-wallet,19266662655,146,1,Development,.github/workflows/development.yml,push,success,2025-11-11T13:10:22Z,752,b-7.4.x-watch-STRP-66,dantweb,8f551c332d8d,0,,,,,,,,,
stripe-wallet,19267797807,147,1,Development,.github/workflows/development.yml,push,failure,2025-11-11T13:53:09Z,748,b-7.4.x-STRP-54,sosenx,764366ed7741,1,2025-11-11,Bartosz Sosnowski,2,2,2,1,0,0,STRP-54 Changed config class namespace
stripe-wallet,19268268457,148,1,Development,.github/workflows/development.yml,push,success,2025-11-11T14:10:53Z,776,b-7.4.x-watch-STRP-66,dantweb,1ceb509c7334,0,,,,,,,,,
stripe-wallet,19268437046,149,1,Development,.github/workflows/development.yml,pull_request,success,2025-11-11T14:17:01Z,762,b-7.4.x-STRP-54,sosenx,764366ed7741,1,2025-11-11,Bartosz Sosnowski,2,2,2,1,0,0,STRP-54 Changed config class namespace
stripe-wallet,19268443596,150,1,Development,.github/workflows/development.yml,push,success,2025-11-11T14:17:17Z,754,b-7.4.x,sosenx,5d4153fb0b34,1,2025-11-11,Bartek Sosnowski,0,0,0,0,0,0,Merge pull request #4 from OXID-eSales/b-7.4.x-STRP-54
stripe-wallet,19268546257,151,1,Development,.github/workflows/development.yml,push,success,2025-11-11T14:20:56Z,730,b-7.4.x-watch-STRP-66,dantweb,c67f37ac377e,0,,,,,,,,,
stripe-wallet,19269078408,152,1,Development,.github/workflows/development.yml,push,success,2025-11-11T14:40:07Z,722,b-7.4.x-watch-STRP-66,dantweb,fdf481144fa3,0,,,,,,,,,
stripe-wallet,19269507886,153,1,Development,.github/workflows/development.yml,push,success,2025-11-11T14:55:46Z,759,b-7.4.x-watch-STRP-66,dantweb,14642fe34a28,0,,,,,,,,,
stripe-wallet,19270532637,154,1,Development,.github/workflows/development.yml,push,success,2025-11-11T15:32:06Z,777,b-7.4.x,sosenx,c3ab54741f9b,1,2025-11-11,Bartosz Sosnowski,4,96,50,0,21,0,STRP-54 minor updates
stripe-wallet,19289690345,155,1,Development,.github/workflows/development.yml,push,success,2025-11-12T07:24:48Z,739,b-7.4.x-watch-STRP-66,dantweb,e7130693c690,0,,,,,,,,,
stripe-wallet,19292034121,156,1,Development,.github/workflows/development.yml,push,success,2025-11-12T09:06:15Z,751,b-7.4.x-watch-STRP-66,dantweb,b7918db1f488,0,,,,,,,,,
stripe-wallet,19293093968,157,1,Development,.github/workflows/development.yml,push,failure,2025-11-12T09:44:16Z,734,b-7.4.x-watch-STRP-66,dantweb,5600d78ff0a3,0,,,,,,,,,
stripe-wallet,19293385914,158,1,Development,.github/workflows/development.yml,push,failure,2025-11-12T09:55:13Z,75,b-7.4.x-watch-STRP-66,dantweb,b54704c7ce3d,0,,,,,,,,,
stripe-wallet,19293675269,159,1,Development,.github/workflows/development.yml,push,failure,2025-11-12T10:05:57Z,69,b-7.4.x-watch-STRP-66,dantweb,f44efe2df636,0,,,,,,,,,
stripe-wallet,19294177033,160,1,Development,.github/workflows/development.yml,push,failure,2025-11-12T10:24:18Z,75,b-7.4.x-watch-STRP-66,dantweb,dfc9fe11f6ee,0,,,,,,,,,
stripe-wallet,19294678537,161,1,Development,.github/workflows/development.yml,push,failure,2025-11-12T10:42:42Z,712,b-7.4.x-watch-STRP-66,dantweb,be6a1439edcc,0,,,,,,,,,
stripe-wallet,19295958612,162,1,Development,.github/workflows/development.yml,push,failure,2025-11-12T11:30:48Z,762,b-7.4.x-watch-STRP-66,dantweb,9abdc383bedb,0,,,,,,,,,
stripe-wallet,19296484738,163,1,Development,.github/workflows/development.yml,push,failure,2025-11-12T11:52:20Z,741,b-7.4.x-watch-STRP-66,dantweb,711213efa1b6,0,,,,,,,,,
stripe-wallet,19298959939,164,1,Development,.github/workflows/development.yml,push,failure,2025-11-12T13:24:27Z,716,b-7.4.x-watch-STRP-66,dantweb,d00ab2acbc13,0,,,,,,,,,
stripe-wallet,19299044908,165,1,Development,.github/workflows/development.yml,push,failure,2025-11-12T13:27:20Z,762,b-7.4.x-watch-STRP-66,dantweb,c11ad7f09728,1,2025-11-12,Daniil Tkachev,2,3,1,0,1,0,STRP-66 Paymentwatch implementation
stripe-wallet,19299454280,166,1,Development,.github/workflows/development.yml,push,failure,2025-11-12T13:41:34Z,749,b-7.4.x-watch-STRP-66,dantweb,10d77ae53b58,1,2025-11-12,Daniil Tkachev,1,0,1,0,0,0,STRP-66 Paymentwatch implementation
stripe-wallet,19302815708,167,1,Development,.github/workflows/development.yml,push,failure,2025-11-12T15:33:04Z,763,b-7.4.x-watch-STRP-66,dantweb,c0eebb94070c,1,2025-11-12,Daniil Tkachev,2,4,3,0,0,0,STRP-66 Paymentwatch implementation
stripe-wallet,19303733785,168,1,Development,.github/workflows/development.yml,push,success,2025-11-12T16:03:34Z,798,b-7.4.x-watch-STRP-66,dantweb,53e5de807d12,1,2025-11-12,Daniil Tkachev,3,36,10,10,4,0,STRP-66 Paymentwatch implementation
stripe-wallet,19327267696,169,1,Development,.github/workflows/development.yml,push,success,2025-11-13T09:45:25Z,740,b-7.4.x,dantweb,53e5de807d12,1,2025-11-12,Daniil Tkachev,3,36,10,10,4,0,STRP-66 Paymentwatch implementation
stripe-wallet,19447029156,10,1,github_actions in /. - Update #1155659433,dynamic/dependabot/dependabot-updates,dynamic,success,2025-11-17T22:41:19Z,43,b-7.4.x,dependabot[bot],53e5de807d12,1,2025-11-12,Daniil Tkachev,3,36,10,10,4,0,STRP-66 Paymentwatch implementation
stripe-wallet,19494006697,170,1,Development,.github/workflows/development.yml,push,success,2025-11-19T07:57:16Z,757,b-7.4.x-charge-STRP-67,dantweb,ec597c23c038,0,,,,,,,,,
stripe-wallet,19540253193,171,1,Development,.github/workflows/development.yml,push,success,2025-11-20T14:28:23Z,883,b-7.4.x-charge-STRP-67,dantweb,8fa3336ab61c,0,,,,,,,,,
stripe-wallet,19638584185,172,1,Development,.github/workflows/development.yml,push,failure,2025-11-24T14:53:40Z,896,b-7.4.x-charge-STRP-67,dantweb,efe4e55db3f5,0,,,,,,,,,
stripe-wallet,19698133992,173,1,Development,.github/workflows/development.yml,push,failure,2025-11-26T09:01:53Z,940,b-7.4.x-charge-STRP-67,dantweb,1dc0febdb825,0,,,,,,,,,
stripe-wallet,19698822059,174,1,Development,.github/workflows/development.yml,push,success,2025-11-26T09:26:14Z,763,b-7.4.x,dantweb,c55614439e94,1,2025-11-26,Daniil Tkachev,1,23,0,0,0,0,update dev readme
stripe-wallet,19701421383,175,1,Development,.github/workflows/development.yml,push,failure,2025-11-26T11:00:47Z,977,b-7.4.x-charge-STRP-67,dantweb,0da92d1c8f45,0,,,,,,,,,
stripe-wallet,19701751696,176,1,Development,.github/workflows/development.yml,push,failure,2025-11-26T11:12:36Z,945,b-7.4.x-charge-STRP-67,dantweb,add23346b853,0,,,,,,,,,
stripe-wallet,19706340275,177,1,Development,.github/workflows/development.yml,push,failure,2025-11-26T14:02:29Z,920,b-7.4.x-charge-STRP-67,dantweb,3510698cdd24,0,,,,,,,,,
stripe-wallet,19706674121,178,1,Development,.github/workflows/development.yml,push,failure,2025-11-26T14:13:39Z,926,b-7.4.x-charge-STRP-67,dantweb,c8eaababc092,0,,,,,,,,,
stripe-wallet,19706788962,179,1,Development,.github/workflows/development.yml,push,failure,2025-11-26T14:17:32Z,901,b-7.4.x-charge-STRP-67,dantweb,0b0fc0fa7c12,1,2025-11-19,Daniil Tkachev,60,12291,38,1367,1840,0,STRP-67 Order details and refund in admin
stripe-wallet,19706940149,180,1,Development,.github/workflows/development.yml,push,failure,2025-11-26T14:22:31Z,902,b-7.4.x-charge-STRP-67,dantweb,cc9048120f99,1,2025-11-26,Daniil Tkachev,9,11,309,5,2,0,STRP-67 Fix styles
stripe-wallet,19707011223,181,1,Development,.github/workflows/development.yml,push,failure,2025-11-26T14:24:49Z,909,b-7.4.x-charge-STRP-67,dantweb,21cf1374d3d6,1,2025-11-26,Daniil Tkachev,1,1,1,0,0,0,STRP-67  Update install script
stripe-wallet,19708461816,182,1,Development,.github/workflows/development.yml,push,failure,2025-11-26T15:12:44Z,915,b-7.4.x-charge-STRP-67,dantweb,0c47cca072dd,1,2025-11-26,Daniil Tkachev,1,1,1,1,0,0,STRP-67 OrderController and EventSystem integration
stripe-wallet,19709037121,183,1,Development,.github/workflows/development.yml,push,failure,2025-11-26T15:31:38Z,908,b-7.4.x-charge-STRP-67,dantweb,95afea68f19d,1,2025-11-26,Daniil Tkachev,7,84,24,47,31,0,STRP-67 Controller refactor
stripe-wallet,19709462896,184,1,Development,.github/workflows/development.yml,push,cancelled,2025-11-26T15:46:04Z,707,b-7.4.x-charge-STRP-67,dantweb,c40b93bf1d4b,1,2025-11-26,Daniil Tkachev,3,190,5,1,7,0,STRP-67 Add e2e integration test for the Order State Machine
stripe-wallet,19709485392,185,1,Development,.github/workflows/development.yml,push,cancelled,2025-11-26T15:46:49Z,659,b-7.4.x-charge-STRP-67,dantweb,dbe8b3850546,1,2025-11-26,Daniil Tkachev,1,778,0,0,778,0,STRP-67 Add e2e integration test for the Order State Machine
stripe-wallet,19709773468,186,1,Development,.github/workflows/development.yml,push,failure,2025-11-26T15:56:57Z,907,b-7.4.x-charge-STRP-67,dantweb,323ecb88e355,1,2025-11-26,Daniil Tkachev,2,400,341,0,320,0,STRP-67 Add e2e integration test for the Order State Machine
stripe-wallet,19710744525,187,1,Development,.github/workflows/development.yml,push,failure,2025-11-26T16:30:09Z,894,b-7.4.x-charge-STRP-67,dantweb,00fad17372b3,1,2025-11-26,Daniil Tkachev,7,1118,14,8,938,0,STRP-67 Add full data flow integration tests
stripe-wallet,19711058061,188,1,Development,.github/workflows/development.yml,push,success,2025-11-26T16:41:58Z,881,b-7.4.x-charge-STRP-67,dantweb,7e9e0858dfe1,1,2025-11-26,Daniil Tkachev,2,981,0,0,770,0,STRP-67 Add Controller-EventSystem integration test
stripe-wallet,19711318073,189,1,Development,.github/workflows/development.yml,push,success,2025-11-26T16:51:41Z,898,b-7.4.x-charge-STRP-67,dantweb,f0a780771866,1,2025-11-26,Daniil Tkachev,1,218,0,0,0,0,STRP-67 Add Controller-EventSystem integration docs
stripe-wallet,19726985571,190,1,Development,.github/workflows/development.yml,push,success,2025-11-27T06:12:59Z,938,b-7.4.x-charge-STRP-67,dantweb,c37df187377c,1,2025-11-27,Daniil Tkachev,1,82,33,0,0,0,STRP-67 Admin view order details mocked
stripe-wallet,19730838769,191,1,Development,.github/workflows/development.yml,push,failure,2025-11-27T09:03:48Z,5,b-7.4.x-STRP-58,sosenx,1ee5263a2c7d,1,2025-11-27,Bartosz Sosnowski,2,55,39,55,0,0,custom id splitted to singular meta entries
stripe-wallet,19742107656,192,1,Development,.github/workflows/development.yml,push,failure,2025-11-27T16:05:17Z,714,b-7.4.x-STRP-58,sosenx,4a566cecc588,0,,,,,,,,,
stripe-wallet,19763982987,193,1,Development,.github/workflows/development.yml,push,failure,2025-11-28T12:34:42Z,974,b-7.4.x-charge-STRP-67-RR,dantweb,056fd016ed1a,1,2025-11-28,Daniil Tkachev,78,10493,1464,2455,3050,0,STRP-67 Shop controllers and event system integration
stripe-wallet,19770226981,194,1,Development,.github/workflows/development.yml,push,failure,2025-11-28T17:17:54Z,882,b-7.4.x-charge-STRP-67-RR,dantweb,8de1b61440b4,1,2025-11-28,Daniil Tkachev,1,732,0,0,0,0,STRP-67 Architecture review
stripe-wallet,19770467144,195,1,Development,.github/workflows/development.yml,push,failure,2025-11-28T17:30:36Z,879,b-7.4.x-charge-STRP-67-RR,dantweb,7d02fec9c6c9,0,,,,,,,,,
stripe-wallet,19815593637,196,1,Development,.github/workflows/development.yml,push,failure,2025-12-01T08:06:23Z,908,b-7.4.x-charge-STRP-67-RR,dantweb,9fbe821e642e,0,,,,,,,,,
stripe-wallet,19816888673,197,1,Development,.github/workflows/development.yml,push,failure,2025-12-01T08:57:53Z,977,b-7.4.x-charge-STRP-67-RR,dantweb,7e481f9bee84,0,,,,,,,,,
stripe-wallet,19817556899,198,1,Development,.github/workflows/development.yml,push,failure,2025-12-01T09:21:47Z,896,b-7.4.x-charge-STRP-67-RR,dantweb,f7a976b7cb65,1,2025-11-28,Daniil Tkachev,18,2098,31,1,23,0,STRP-67 Fix metadata.php controller registration
stripe-wallet,19817943885,199,1,Development,.github/workflows/development.yml,push,failure,2025-12-01T09:35:39Z,909,b-7.4.x-charge-STRP-67-RR,dantweb,2875e8858250,1,2025-12-01,Daniil Tkachev,5,8,12,8,0,0,STRP-67 Refine the code styles
stripe-wallet,19820357363,200,1,Development,.github/workflows/development.yml,push,failure,2025-12-01T11:02:12Z,1108,b-7.4.x-charge-STRP-67-RR,dantweb,460ed7dcd161,1,2025-12-01,Daniil Tkachev,9,459,16,225,184,0,STRP-67 Upadate SDK Key delivery
stripe-wallet,19821151451,201,1,Development,.github/workflows/development.yml,push,failure,2025-12-01T11:31:09Z,887,b-7.4.x-charge-STRP-67-RR,dantweb,dda90e30528e,1,2025-12-01,Daniil Tkachev,9,1272,3,78,462,0,STRP-67 Fix StripeConnect
stripe-wallet,19821888891,202,1,Development,.github/workflows/development.yml,push,failure,2025-12-01T12:00:08Z,928,b-7.4.x-charge-STRP-67-RR,dantweb,839ce4a98490,1,2025-12-01,Daniil Tkachev,126,766,151414,256,39,0,STRP-67 Fix order creation after redirect
stripe-wallet,19823172781,203,1,Development,.github/workflows/development.yml,push,failure,2025-12-01T12:47:25Z,905,b-7.4.x-charge-STRP-67-RR,dantweb,209a0fb34283,1,2025-12-01,Daniil Tkachev,17,679,30,214,82,0,STRP-67 Fix order creation after redirect
stripe-wallet,19825262482,204,1,Development,.github/workflows/development.yml,push,failure,2025-12-01T14:01:03Z,964,b-7.4.x-charge-STRP-67-RR,dantweb,87821df92982,1,2025-12-01,Daniil Tkachev,11,1505,38,112,946,0,STRP-67 Fix order creation after redirect
stripe-wallet,19827635655,205,1,Development,.github/workflows/development.yml,push,failure,2025-12-01T15:17:59Z,889,b-7.4.x-charge-STRP-67-RR,dantweb,6e253a499b7c,1,2025-12-01,Daniil Tkachev,33,3025,227,34,16,0,STRP-67 Architecture review and style check
stripe-wallet,19828080967,206,1,Development,.github/workflows/development.yml,push,failure,2025-12-01T15:32:09Z,933,b-7.4.x-charge-STRP-67-RR,dantweb,ea6350dcad0a,1,2025-12-01,Daniil Tkachev,1,351,0,0,0,0,STRP-67 Status fixation
stripe-wallet,19828698954,207,1,Development,.github/workflows/development.yml,push,failure,2025-12-01T15:51:55Z,903,b-7.4.x-charge-STRP-67-RR,dantweb,7540a6f20227,1,2025-12-01,Daniil Tkachev,1,295,0,0,0,0,STRP-67 Status fixation
stripe-wallet,19855741788,208,1,Development,.github/workflows/development.yml,push,failure,2025-12-02T10:40:46Z,868,b-7.4.x-charge-STRP-67-RR,dantweb,0d3f101802fa,1,2025-12-02,Daniil Tkachev,50,9788,1231,1228,3818,0,STRP-67 Return url security validation
stripe-wallet,19858236977,209,1,Development,.github/workflows/development.yml,push,failure,2025-12-02T12:15:04Z,947,b-7.4.x-charge-STRP-67-RR,dantweb,17f55892b838,1,2025-12-02,Daniil Tkachev,10,384,26,0,0,0,STRP-67 Order creation fixed
stripe-wallet,19860261460,210,1,Development,.github/workflows/development.yml,push,failure,2025-12-02T13:28:24Z,884,b-7.4.x-charge-STRP-67-RR,dantweb,d2b216302e0c,1,2025-12-02,Daniil Tkachev,25,5288,315,838,940,0,STRP-69 Admin order details refund view works
stripe-wallet,19860578336,211,1,Development,.github/workflows/development.yml,push,failure,2025-12-02T13:39:20Z,908,b-7.4.x-charge-STRP-67-RR,dantweb,9aa74fe0e9da,1,2025-12-02,Daniil Tkachev,4,170,43,149,19,0,STRP-69 Admin order details refund view works
stripe-wallet,19860714177,212,1,Development,.github/workflows/development.yml,push,failure,2025-12-02T13:43:52Z,885,b-7.4.x-charge-STRP-67-RR,dantweb,42989e467302,1,2025-12-02,Daniil Tkachev,1,118,39,0,0,0,STRP-69 Admin order details refund -- report
stripe-wallet,19861557201,213,1,Development,.github/workflows/development.yml,push,failure,2025-12-02T14:11:52Z,926,b-7.4.x-charge-STRP-67-RR,dantweb,7b7ebaf1eee2,1,2025-12-02,Daniil Tkachev,4,937,0,0,0,0,STRP-69 Admin order details refund -- update docs visuals
stripe-wallet,19861598878,214,1,Development,.github/workflows/development.yml,push,failure,2025-12-02T14:13:09Z,923,b-7.4.x-charge-STRP-67-RR,dantweb,2f7f749ef80b,1,2025-12-02,Daniil Tkachev,9,9,0,0,0,0,STRP-69 Admin order details refund -- update docs visuals [SVG]
stripe-wallet,19861635180,215,1,Development,.github/workflows/development.yml,push,failure,2025-12-02T14:14:16Z,942,b-7.4.x-charge-STRP-67-RR,dantweb,183a9a2be428,1,2025-12-02,Daniil Tkachev,1,157,0,0,0,0,STRP-69 Add refund flow
stripe-wallet,19862174027,216,1,Development,.github/workflows/development.yml,push,success,2025-12-02T14:31:28Z,905,b-7.4.x-charge-STRP-67-RR,dantweb,65e45925149e,1,2025-12-02,Daniil Tkachev,9,3,14,3,0,0,STRP-69 Style fix
stripe-wallet,19886920123,217,1,Development,.github/workflows/development.yml,push,success,2025-12-03T08:12:59Z,922,b-7.4.x-charge-STRP-67-RR,dantweb,9387556176ae,1,2025-12-03,Daniil Tkachev,29,6973,0,0,3152,0,STRP-69 Add Webhook and e2e Playwright scaffold
stripe-wallet,19889974228,218,1,Development,.github/workflows/development.yml,push,failure,2025-12-03T10:05:36Z,935,b-7.4.x-charge-STRP-67-RR,dantweb,a3dddc832f6b,1,2025-12-03,Daniil Tkachev,24,2142,799,192,1452,0,STRP-69 Add Webhook and e2e Playwright scaffold
stripe-wallet,19890006370,219,1,Development,.github/workflows/development.yml,push,failure,2025-12-03T10:06:45Z,992,b-7.4.x,dantweb,a3dddc832f6b,1,2025-12-03,Daniil Tkachev,24,2142,799,192,1452,0,STRP-69 Add Webhook and e2e Playwright scaffold
stripe-wallet,19893480489,220,1,Development,.github/workflows/development.yml,push,success,2025-12-03T12:15:13Z,916,b-7.4.x-auth-later-STRP-70,dantweb,b657aab819e0,1,2025-12-03,Daniil Tkachev,10,1234,265,8,28,0,STRP-69 Admin refund update and e2e tests
stripe-wallet,19894188286,221,1,Development,.github/workflows/development.yml,push,success,2025-12-03T12:41:26Z,925,b-7.4.x-auth-later-STRP-70,dantweb,854890def7a4,0,,,,,,,,,
stripe-wallet,19894361123,222,1,Development,.github/workflows/development.yml,push,cancelled,2025-12-03T12:48:02Z,357,b-7.4.x-auth-later-STRP-70,dantweb,60cdbaec61bb,0,,,,,,,,,
stripe-wallet,19894420766,223,1,Development,.github/workflows/development.yml,push,cancelled,2025-12-03T12:50:16Z,238,b-7.4.x-auth-later-STRP-70,dantweb,859513b7b97b,1,2025-12-03,Daniil Tkachev,193,627,238,22,155,0,STRP-69 Update docs and core event handling
stripe-wallet,19894513930,224,1,Development,.github/workflows/development.yml,push,success,2025-12-03T12:53:42Z,906,b-7.4.x-auth-later-STRP-70,dantweb,6a062a96fb7f,1,2025-12-03,Daniil Tkachev,1,1,2,0,0,0,STRP-69 Run migrations test on GHA
stripe-wallet,19894817533,225,1,Development,.github/workflows/development.yml,push,success,2025-12-03T13:04:42Z,922,b-7.4.x,dantweb,6a062a96fb7f,1,2025-12-03,Daniil Tkachev,1,1,2,0,0,0,STRP-69 Run migrations test on GHA
stripe-wallet,19898130267,226,1,Development,.github/workflows/development.yml,push,success,2025-12-03T14:53:31Z,901,b-7.4.x-auth-STRP-70,dantweb,ef13a62f90e6,0,,,,,,,,,
stripe-wallet,19925836862,227,1,Development,.github/workflows/development.yml,push,failure,2025-12-04T10:30:36Z,928,b-7.4.x-auth-STRP-70,dantweb,712f971be3d4,0,,,,,,,,,
stripe-wallet,19926136773,228,1,Development,.github/workflows/development.yml,push,failure,2025-12-04T10:41:32Z,903,b-7.4.x-auth-STRP-70,dantweb,6b21314e0b6f,0,,,,,,,,,
stripe-wallet,19926607711,229,1,Development,.github/workflows/development.yml,push,failure,2025-12-04T10:58:53Z,1137,b-7.4.x-auth-STRP-70,dantweb,558954eadf51,0,,,,,,,,,
stripe-wallet,19927285149,230,1,Development,.github/workflows/development.yml,push,failure,2025-12-04T11:24:04Z,915,b-7.4.x-auth-STRP-70,dantweb,9308686de97c,0,,,,,,,,,
stripe-wallet,19932082725,231,1,Development,.github/workflows/development.yml,push,failure,2025-12-04T14:17:19Z,951,b-7.4.x-auth-STRP-70,dantweb,782a75496735,0,,,,,,,,,
stripe-wallet,19957127615,232,1,Development,.github/workflows/development.yml,push,failure,2025-12-05T08:24:44Z,925,b-7.4.x-auth-STRP-70,dantweb,0e688a496646,0,,,,,,,,,
stripe-wallet,19957956291,233,1,Development,.github/workflows/development.yml,push,cancelled,2025-12-05T09:01:28Z,390,b-7.4.x-auth-STRP-70,dantweb,0d42f471e204,0,,,,,,,,,
stripe-wallet,19958098694,234,1,Development,.github/workflows/development.yml,push,success,2025-12-05T09:07:34Z,939,b-7.4.x-auth-STRP-70,dantweb,eca49c8ebce4,0,,,,,,,,,
stripe-wallet,19959239672,235,1,Development,.github/workflows/development.yml,push,failure,2025-12-05T09:54:46Z,715,b-7.4.x-auth-STRP-70,dantweb,0c013cde1b7d,0,,,,,,,,,
stripe-wallet,19959365267,236,1,Development,.github/workflows/development.yml,push,failure,2025-12-05T10:00:20Z,725,b-7.4.x-auth-STRP-70,dantweb,6d83468015b8,0,,,,,,,,,
stripe-wallet,19959832352,237,1,Development,.github/workflows/development.yml,push,failure,2025-12-05T10:18:05Z,742,b-7.4.x-auth-STRP-70,dantweb,773099f9be6e,0,,,,,,,,,
stripe-wallet,19965389239,238,1,Development,.github/workflows/development.yml,push,failure,2025-12-05T14:05:31Z,743,b-7.4.x-auth-STRP-70,dantweb,f5edc1509772,0,,,,,,,,,
stripe-wallet,19965476086,239,1,Development,.github/workflows/development.yml,push,success,2025-12-05T14:08:40Z,925,b-7.4.x,mariolorenz,9d370ed256f5,1,2025-12-05,Mario Lorenz,1,32,11,32,0,0,use oxResetFileCache for cache clean & QueryBuilder
stripe-wallet,19968024084,240,1,Development,.github/workflows/development.yml,push,success,2025-12-05T15:41:49Z,742,b-7.4.x-auth-STRP-70,dantweb,5f5f1043c82f,0,,,,,,,,,
stripe-wallet,19968245531,241,1,Development,.github/workflows/development.yml,push,success,2025-12-05T15:50:02Z,736,b-7.4.x,dantweb,6a7f063399c0,1,2025-12-05,Daniil Tkachev,3,0,3,0,0,0,STRP-70 Webhook reconciliation tests
stripe-wallet,20034058047,242,1,Development,.github/workflows/development.yml,push,failure,2025-12-08T15:50:37Z,940,b-7.4.x-webhook-url-STRP-70,dantweb,076f6515d6c1,0,,,,,,,,,
stripe-wallet,20034451829,243,1,Development,.github/workflows/development.yml,push,failure,2025-12-08T16:04:01Z,924,b-7.4.x-webhook-url-STRP-70,dantweb,3163db2d3211,0,,,,,,,,,
stripe-wallet,20034691563,244,1,Development,.github/workflows/development.yml,push,failure,2025-12-08T16:11:34Z,924,b-7.4.x,dantweb,0be0fe64e8f9,1,2025-12-08,Daniil Tkachev,22,2881,52,548,722,0,STRP-70 Webhook contract fullfillment and paydate fix
stripe-wallet,20044921577,11,1,github_actions in /. - Update #1177959130,dynamic/dependabot/dependabot-updates,dynamic,success,2025-12-08T22:27:54Z,40,b-7.4.x,dependabot[bot],0be0fe64e8f9,1,2025-12-08,Daniil Tkachev,22,2881,52,548,722,0,STRP-70 Webhook contract fullfillment and paydate fix
stripe-wallet,20044940893,245,1,Development,.github/workflows/development.yml,push,failure,2025-12-08T22:28:33Z,583,dependabot/github_actions/actions/checkout-6,dependabot[bot],b895358fdc3c,1,2025-12-08,dependabot[bot],1,2,2,0,0,0,Bump actions/checkout from 5 to 6
stripe-wallet,20044941754,246,1,Development,.github/workflows/development.yml,pull_request,failure,2025-12-08T22:28:35Z,594,dependabot/github_actions/actions/checkout-6,dependabot[bot],b895358fdc3c,1,2025-12-08,dependabot[bot],1,2,2,0,0,0,Bump actions/checkout from 5 to 6
stripe-wallet,20060844419,247,1,Development,.github/workflows/development.yml,push,success,2025-12-09T10:50:27Z,1000,b-7.4.x-code-review-STRP-75,dantweb,6affdd5ceec9,1,2025-12-09,Daniil Tkachev,21,5710,0,0,0,0,STRP-75 Code review docs
stripe-wallet,20062423485,248,1,Development,.github/workflows/development.yml,push,failure,2025-12-09T11:49:02Z,708,b-7.4.x-code-review-STRP-75,dantweb,21f5adb90ab5,1,2025-12-09,Daniil Tkachev,37,2941,594,874,1230,0,STRP-75 Refactor contract fullfillment
stripe-wallet,20065207849,249,1,Development,.github/workflows/development.yml,push,failure,2025-12-09T13:30:01Z,779,b-7.4.x-code-review-STRP-75,dantweb,fe607c289924,1,2025-12-09,Daniil Tkachev,5,460,535,0,86,0,STRP-75 Refactor contract fullfillment tests
stripe-wallet,20065825180,250,1,Development,.github/workflows/development.yml,push,success,2025-12-09T13:51:20Z,725,b-7.4.x-code-review-STRP-75,dantweb,172479b5654b,1,2025-12-09,Daniil Tkachev,1,2,1,0,0,0,STRP-75 Exclude webhook e2e tests on gha
stripe-wallet,20068781666,251,1,Development,.github/workflows/development.yml,push,success,2025-12-09T15:24:52Z,720,b-7.4.x-code-review-STRP-75,dantweb,06db5809b734,1,2025-12-09,Daniil Tkachev,46,5447,1647,1903,2715,0,STRP-75 Refactor 'fatty' event handlers
stripe-wallet,20238891675,252,1,Development,.github/workflows/development.yml,push,success,2025-12-15T16:05:22Z,793,b-7.4.x-code-review-STRP-75,dantweb,26c50de3e101,1,2025-12-15,Daniil Tkachev,38,3831,28,5,4,0,STRP-75 Update docs and refine the code
stripe-wallet,20238918538,253,1,Development,.github/workflows/development.yml,push,success,2025-12-15T16:06:12Z,750,b-7.4.x-code-review-STRP-75,dantweb,39f2273cab40,1,2025-12-15,Daniil Tkachev,3,0,0,0,0,0,STRP-75 Update docs and refine the code
stripe-wallet,20240695131,254,1,Development,.github/workflows/development.yml,push,success,2025-12-15T17:03:48Z,760,b-7.4.x,dantweb,39f2273cab40,1,2025-12-15,Daniil Tkachev,3,0,0,0,0,0,STRP-75 Update docs and refine the code
stripe-wallet,20249995864,12,1,github_actions in /. - Update #1183629573,dynamic/dependabot/dependabot-updates,dynamic,success,2025-12-15T22:45:03Z,42,b-7.4.x,dependabot[bot],39f2273cab40,1,2025-12-15,Daniil Tkachev,3,0,0,0,0,0,STRP-75 Update docs and refine the code
stripe-wallet,20250011135,255,1,Development,.github/workflows/development.yml,push,success,2025-12-15T22:45:42Z,451,dependabot/github_actions/actions/upload-artifact-6,dependabot[bot],e84d676cc7b6,1,2025-12-15,dependabot[bot],1,3,3,0,0,0,Bump actions/upload-artifact from 4 to 6
stripe-wallet,20250011878,256,1,Development,.github/workflows/development.yml,pull_request,success,2025-12-15T22:45:44Z,445,dependabot/github_actions/actions/upload-artifact-6,dependabot[bot],e84d676cc7b6,1,2025-12-15,dependabot[bot],1,3,3,0,0,0,Bump actions/upload-artifact from 4 to 6
stripe-wallet,20250012435,257,1,Development,.github/workflows/development.yml,push,success,2025-12-15T22:45:45Z,451,dependabot/github_actions/actions/cache-5,dependabot[bot],e822700a639e,1,2025-12-15,dependabot[bot],1,3,3,0,0,0,Bump actions/cache from 4 to 5
stripe-wallet,20250013408,258,1,Development,.github/workflows/development.yml,pull_request,success,2025-12-15T22:45:47Z,455,dependabot/github_actions/actions/cache-5,dependabot[bot],e822700a639e,1,2025-12-15,dependabot[bot],1,3,3,0,0,0,Bump actions/cache from 4 to 5
stripe-wallet,20273049591,259,1,Development,.github/workflows/development.yml,push,success,2025-12-16T15:20:20Z,762,b-7.4.x-code-review-STRP-75,dantweb,b434896522ec,0,,,,,,,,,
stripe-wallet,20273399904,260,1,Development,.github/workflows/development.yml,push,success,2025-12-16T15:30:44Z,748,b-7.4.x-code-review-STRP-75,dantweb,fcf9c816ed23,0,,,,,,,,,
stripe-wallet,20305453637,261,1,Development,.github/workflows/development.yml,push,failure,2025-12-17T14:03:03Z,765,b-7.4.x-code-review-STRP-75,dantweb,52a8ffadb320,0,,,,,,,,,
stripe-wallet,20336366629,262,1,Development,.github/workflows/development.yml,push,success,2025-12-18T12:06:13Z,773,b-7.4.x-code-review-STRP-75,dantweb,61ad14eb1a3a,0,,,,,,,,,
stripe-wallet,20336666008,263,1,Development,.github/workflows/development.yml,push,success,2025-12-18T12:17:26Z,747,b-7.4.x-code-review-STRP-75,dantweb,1e32d3fb8e8a,1,2025-12-16,Daniil Tkachev,98,14513,125,2024,3406,0,STRP-75 Auth - capture later functionality
stripe-wallet,20336685513,264,1,Development,.github/workflows/development.yml,push,success,2025-12-18T12:18:10Z,752,b-7.4.x,dantweb,1e32d3fb8e8a,1,2025-12-16,Daniil Tkachev,98,14513,125,2024,3406,0,STRP-75 Auth - capture later functionality
stripe-wallet,20339695336,265,1,Development,.github/workflows/development.yml,push,cancelled,2025-12-18T14:09:04Z,201,b-7.4.x-infections,dantweb,93d162ae84ab,0,,,,,,,,,
stripe-wallet,20339788448,266,1,Development,.github/workflows/development.yml,push,success,2025-12-18T14:12:13Z,748,b-7.4.x-infections,dantweb,e5546db574e4,0,,,,,,,,,
stripe-wallet,20445525245,13,1,github_actions in /. - Update #1189062816,dynamic/dependabot/dependabot-updates,dynamic,success,2025-12-22T22:20:48Z,43,b-7.4.x,dependabot[bot],1e32d3fb8e8a,1,2025-12-16,Daniil Tkachev,98,14513,125,2024,3406,0,STRP-75 Auth - capture later functionality
stripe-wallet,20571380566,267,1,Development,.github/workflows/development.yml,push,success,2025-12-29T11:06:31Z,827,b-7.4.x-infections,dantweb,6c1db2817d2c,1,2025-12-18,Daniil Tkachev,7,1871,23,0,464,0,add infections tests
stripe-wallet,20573899981,268,1,Development,.github/workflows/development.yml,push,success,2025-12-29T13:22:11Z,718,b-7.4.x-extract-watch-STRP-76,dantweb,aa0be4db8d19,1,2025-12-29,Daniil Tkachev,34,1,5031,0,0,0,STRP-76 Extract Shop-Watch to a separate module
stripe-wallet,20583950329,14,1,github_actions in /. - Update #1193423089,dynamic/dependabot/dependabot-updates,dynamic,success,2025-12-29T22:19:27Z,41,b-7.4.x,dependabot[bot],1e32d3fb8e8a,1,2025-12-16,Daniil Tkachev,98,14513,125,2024,3406,0,STRP-75 Auth - capture later functionality
stripe-wallet,20720062899,269,1,Development,.github/workflows/development.yml,push,success,2026-01-05T15:23:32Z,739,b-7.4.x,dantweb,aa0be4db8d19,1,2025-12-29,Daniil Tkachev,34,1,5031,0,0,0,STRP-76 Extract Shop-Watch to a separate module
stripe-wallet,20731392474,15,1,github_actions in /. - Update #1199937341,dynamic/dependabot/dependabot-updates,dynamic,success,2026-01-05T22:40:23Z,43,b-7.4.x,dependabot[bot],aa0be4db8d19,1,2025-12-29,Daniil Tkachev,34,1,5031,0,0,0,STRP-76 Extract Shop-Watch to a separate module
stripe-wallet,20789157388,16,1,github_actions in /. - Update #1201994112,dynamic/dependabot/dependabot-updates,dynamic,success,2026-01-07T16:49:53Z,42,b-7.4.x,dependabot[bot],aa0be4db8d19,1,2025-12-29,Daniil Tkachev,34,1,5031,0,0,0,STRP-76 Extract Shop-Watch to a separate module
stripe-wallet,20789206266,17,1,github_actions in /. - Update #1201995263,dynamic/dependabot/dependabot-updates,dynamic,success,2026-01-07T16:51:24Z,39,b-7.4.x,dependabot[bot],aa0be4db8d19,1,2025-12-29,Daniil Tkachev,34,1,5031,0,0,0,STRP-76 Extract Shop-Watch to a separate module
stripe-wallet,20853857502,270,1,Development,.github/workflows/development.yml,push,failure,2026-01-09T13:44:07Z,592,b-7.4.x-create-order-STRP-74,dantweb,606d4e5806a4,0,,,,,,,,,
stripe-wallet,20855974514,271,1,Development,.github/workflows/development.yml,push,failure,2026-01-09T15:00:50Z,636,b-7.4.x-create-order-STRP-74,dantweb,b9a3aac59937,0,,,,,,,,,
stripe-wallet,20856218931,272,1,Development,.github/workflows/development.yml,push,success,2026-01-09T15:09:08Z,562,b-7.4.x-create-order-STRP-74,dantweb,22f74f3be8ab,0,,,,,,,,,
stripe-wallet,20856344669,273,1,Development,.github/workflows/development.yml,push,success,2026-01-09T15:13:32Z,537,b-7.4.x-create-order-STRP-74,dantweb,841bb22052e5,0,,,,,,,,,
stripe-wallet,20913260473,274,1,Development,.github/workflows/development.yml,push,success,2026-01-12T08:52:37Z,555,b-7.4.x-create-order-STRP-74,dantweb,3845d89e377c,1,2026-01-09,Daniil Tkachev,17,363,169,38,5,0,STRP-74 Cleanup the code
stripe-wallet,20943321800,18,1,github_actions in /. - Update #1207383023,dynamic/dependabot/dependabot-updates,dynamic,success,2026-01-13T03:15:24Z,35,b-7.4.x,dependabot[bot],aa0be4db8d19,1,2025-12-29,Daniil Tkachev,34,1,5031,0,0,0,STRP-76 Extract Shop-Watch to a separate module
stripe-wallet,20952144972,275,1,Development,.github/workflows/development.yml,push,success,2026-01-13T09:47:58Z,547,b-7.4.x-create-order-STRP-74,dantweb,e9d04292b32e,1,2026-01-13,Daniil Tkachev,46,2842,149,563,990,0,STRP-74 Create early order with the contract
stripe-wallet,20954417344,276,1,Development,.github/workflows/development.yml,push,success,2026-01-13T11:05:27Z,568,b-7.4.x,dantweb,e9d04292b32e,1,2026-01-13,Daniil Tkachev,46,2842,149,563,990,0,STRP-74 Create early order with the contract
stripe-wallet,21030514590,277,1,Development,.github/workflows/development.yml,push,failure,2026-01-15T11:59:37Z,93,b-7.4.x-extract-component-STRP-78,dantweb,d481e90d2d0c,1,2026-01-15,Daniil Tkachev,4,711,0,0,0,0,STRP-78 Extract paymenmt component
stripe-wallet,21030991747,278,1,Development,.github/workflows/development.yml,push,failure,2026-01-15T12:17:06Z,90,b-7.4.x-extract-component-STRP-78,dantweb,d7b9510a8ab1,1,2026-01-15,Daniil Tkachev,160,271,11660,0,0,0,STRP-78 Extract paymenmt component
stripe-wallet,21032216019,279,1,Development,.github/workflows/development.yml,push,failure,2026-01-15T13:02:02Z,74,b-7.4.x-extract-component-STRP-78,dantweb,62c6df0a9c1f,1,2026-01-15,Daniil Tkachev,3,36,1,0,0,0,STRP-78 Extract paymenmt component
stripe-wallet,21033497527,280,1,Development,.github/workflows/development.yml,push,failure,2026-01-15T13:45:51Z,71,b-7.4.x-extract-component-STRP-78,dantweb,5971b139b4f8,1,2026-01-15,Daniil Tkachev,1,2,2,0,0,0,STRP-78 Extract paymenmt component
stripe-wallet,21033741541,281,1,Development,.github/workflows/development.yml,push,failure,2026-01-15T13:53:43Z,73,b-7.4.x-extract-component-STRP-78,dantweb,e42c6f34b564,1,2026-01-15,Daniil Tkachev,2,135,31,0,0,0,STRP-78 Extract paymenmt component
stripe-wallet,21035039566,282,1,Development,.github/workflows/development.yml,push,failure,2026-01-15T14:36:55Z,2253,b-7.4.x-extract-component-STRP-78,dantweb,73b11c259ff7,1,2026-01-15,Daniil Tkachev,2,27,19,0,0,0,STRP-78 Extract paymenmt component
stripe-wallet,21036206080,283,2,Development,.github/workflows/development.yml,push,failure,2026-01-15T15:14:50Z,283,b-7.4.x-extract-component-STRP-78,dantweb,0c419c738679,1,2026-01-15,Daniil Tkachev,1,2,2,0,0,0,STRP-78 Extract paymenmt component
stripe-wallet,21036526306,284,1,Development,.github/workflows/development.yml,push,failure,2026-01-15T15:24:13Z,271,b-7.4.x-extract-component-STRP-78,dantweb,7b44c7892307,1,2026-01-15,Daniil Tkachev,1,2,2,0,0,0,STRP-78 Extract paymenmt component
stripe-wallet,21036639722,285,1,Development,.github/workflows/development.yml,push,failure,2026-01-15T15:27:33Z,261,b-7.4.x-extract-component-STRP-78,dantweb,d6c65b112536,1,2026-01-15,Daniil Tkachev,1,1,1,0,0,0,STRP-78 Extract paymenmt component
stripe-wallet,21036820094,286,1,Development,.github/workflows/development.yml,push,failure,2026-01-15T15:32:55Z,298,b-7.4.x-extract-component-STRP-78,dantweb,f6e550883375,1,2026-01-15,Daniil Tkachev,1,13,2,0,0,0,STRP-78 Extract paymenmt component
stripe-wallet,21037057318,287,1,Development,.github/workflows/development.yml,push,failure,2026-01-15T15:40:06Z,532,b-7.4.x-extract-component-STRP-78,dantweb,ada3a7cfb039,1,2026-01-15,Daniil Tkachev,1,8,1,0,0,0,STRP-78 Extract paymenmt component
stripe-wallet,21037670267,288,1,Development,.github/workflows/development.yml,push,failure,2026-01-15T15:59:50Z,528,b-7.4.x-extract-component-STRP-78,dantweb,e6a91ee1c821,1,2026-01-15,Daniil Tkachev,199,468,20540,183,191,0,STRP-78 Extract paymenmt component
stripe-wallet,21038688206,289,2,Development,.github/workflows/development.yml,push,failure,2026-01-15T16:31:53Z,27,b-7.4.x-extract-component-STRP-78,dantweb,b6cc3960b001,1,2026-01-15,Daniil Tkachev,4,6,6,4,2,0,STRP-78 Extract paymenmt component
stripe-wallet,21059228218,290,1,Development,.github/workflows/development.yml,push,failure,2026-01-16T07:35:54Z,549,b-7.4.x-extract-component-STRP-78,dantweb,24fb82ec2586,1,2026-01-16,Daniil Tkachev,1,4,6,0,0,0,STRP-78 Extract paymenmt component
stripe-wallet,21059610082,291,1,Development,.github/workflows/development.yml,push,failure,2026-01-16T07:53:39Z,531,b-7.4.x-extract-component-STRP-78,dantweb,2ea27c99e5b0,1,2026-01-16,Daniil Tkachev,3,11,3,0,9,0,STRP-78 Extract paymenmt component
stripe-wallet,21060237729,292,1,Development,.github/workflows/development.yml,push,failure,2026-01-16T08:20:47Z,532,b-7.4.x-extract-component-STRP-78,dantweb,6ade5aafdd47,1,2026-01-16,Daniil Tkachev,7,682,530,48,0,0,STRP-78 Extract paymenmt component
stripe-wallet,21071868315,293,1,Development,.github/workflows/development.yml,push,failure,2026-01-16T15:34:36Z,81,b-7.4.x-extract-component-STRP-78,dantweb,c87d51d9f2ff,1,2026-01-16,Daniil Tkachev,239,2347,2804,565,413,0,STRP-78 Extract paymenmt component
stripe-wallet,21072091790,294,1,Development,.github/workflows/development.yml,push,failure,2026-01-16T15:42:24Z,94,b-7.4.x-extract-component-STRP-78,dantweb,e72902ca03d0,1,2026-01-16,Daniil Tkachev,17,1,2658,0,0,0,STRP-78 Extract paymenmt component
stripe-wallet,21073392671,295,1,Development,.github/workflows/development.yml,push,failure,2026-01-16T16:27:09Z,106,b-7.4.x-extract-component-STRP-78,dantweb,eefa24eb9195,1,2026-01-16,Daniil Tkachev,40,193,469,17,42,0,STRP-78 Extract paymenmt component
stripe-wallet,21073503377,296,1,Development,.github/workflows/development.yml,push,failure,2026-01-16T16:31:02Z,95,b-7.4.x-extract-component-STRP-78,dantweb,fd72673b4e0e,1,2026-01-16,Daniil Tkachev,1,0,4,0,0,0,STRP-78 Extract paymenmt component
stripe-wallet,21073631146,297,1,Development,.github/workflows/development.yml,push,cancelled,2026-01-16T16:35:30Z,452,b-7.4.x-extract-component-STRP-78,dantweb,e68528ea0bb2,1,2026-01-16,Daniil Tkachev,1,0,4,0,0,0,STRP-78 Extract paymenmt component
stripe-wallet,21073823827,298,1,Development,.github/workflows/development.yml,push,success,2026-01-16T16:42:31Z,570,b-7.4.x-extract-component-STRP-78,dantweb,320e16e364dc,1,2026-01-16,Daniil Tkachev,1,42,2,0,0,0,STRP-78 Extract paymenmt component
stripe-wallet,21074498938,299,1,Development,.github/workflows/development.yml,push,cancelled,2026-01-16T17:06:38Z,294,b-7.4.x-extract-component-STRP-78,dantweb,abbfc674eb18,1,2026-01-16,Daniil Tkachev,9,27,16,17,0,0,STRP-78 Extract paymenmt component
stripe-wallet,21074586565,300,1,Development,.github/workflows/development.yml,push,cancelled,2026-01-16T17:09:50Z,79,b-7.4.x-extract-component-STRP-78,dantweb,3a79386f4b39,1,2026-01-16,Daniil Tkachev,1,158,0,0,0,0,STRP-78 Extract paymenmt component
stripe-wallet,21074619020,301,1,Development,.github/workflows/development.yml,push,success,2026-01-16T17:10:57Z,625,b-7.4.x-extract-component-STRP-78,dantweb,933fe21fab46,1,2026-01-16,Daniil Tkachev,1,1,2,0,0,0,STRP-78 Extract paymenmt component
stripe-wallet,21074980706,302,1,Development,.github/workflows/development.yml,push,success,2026-01-16T17:24:08Z,574,b-7.4.x-extract-component-STRP-78,dantweb,6b3982c3594f,1,2026-01-16,Daniil Tkachev,2,139,0,0,0,0,STRP-78 Extract paymenmt component
stripe-wallet,21131973822,303,1,Development,.github/workflows/development.yml,push,success,2026-01-19T09:22:28Z,630,b-7.4.x,dantweb,6b3982c3594f,1,2026-01-16,Daniil Tkachev,2,139,0,0,0,0,STRP-78 Extract paymenmt component
stripe-wallet,21140890735,304,1,Development,.github/workflows/development.yml,push,success,2026-01-19T14:20:50Z,574,b-7.4.x,dantweb,e7ccdc0d7f8b,1,2026-01-19,Daniil Tkachev,2,14,42,0,0,0,update db migration in CI/CD
stripe-wallet,21154385958,19,1,github_actions in /. - Update #1214006718,dynamic/dependabot/dependabot-updates,dynamic,success,2026-01-19T23:37:13Z,35,b-7.4.x,dependabot[bot],e7ccdc0d7f8b,1,2026-01-19,Daniil Tkachev,2,14,42,0,0,0,update db migration in CI/CD
stripe-wallet,21177055002,305,1,Development,.github/workflows/development.yml,push,failure,2026-01-20T15:24:23Z,607,b-7.4.x-order-model-STRP-71,dantweb,207237839e81,0,,,,,,,,,
stripe-wallet,21177234333,306,1,Development,.github/workflows/development.yml,push,failure,2026-01-20T15:29:36Z,600,b-7.4.x-order-model-STRP-71,dantweb,355cad34f51b,0,,,,,,,,,
stripe-wallet,21178047312,307,1,Development,.github/workflows/development.yml,push,success,2026-01-20T15:53:56Z,581,b-7.4.x-order-model-STRP-71,dantweb,ff561548d29b,0,,,,,,,,,
stripe-wallet,21206841513,308,1,Development,.github/workflows/development.yml,push,success,2026-01-21T10:53:17Z,618,b-7.4.x-order-model-STRP-71,dantweb,8e89f62e59b5,0,,,,,,,,,
stripe-wallet,21208242534,309,1,Development,.github/workflows/development.yml,push,success,2026-01-21T11:41:35Z,588,b-7.4.x-order-model-STRP-71,dantweb,e66e54b0557a,0,,,,,,,,,
stripe-wallet,21211027743,310,1,Development,.github/workflows/development.yml,push,success,2026-01-21T13:17:21Z,676,b-7.4.x-order-model-STRP-71,dantweb,ed51ad4ec706,1,2026-01-20,Daniil Tkachev,54,7905,1433,981,1373,0,STRP-71 Code post-split cleanup
stripe-wallet,21211505024,311,1,Development,.github/workflows/development.yml,push,failure,2026-01-21T13:32:46Z,89,b-7.4.x,dantweb,ed51ad4ec706,1,2026-01-20,Daniil Tkachev,54,7905,1433,981,1373,0,STRP-71 Code post-split cleanup
stripe-wallet,21212899218,312,1,Development,.github/workflows/development.yml,push,success,2026-01-21T14:16:26Z,721,b-7.4.x,dantweb,45f1b9d96232,1,2026-01-21,Daniil Tkachev,1,1,1,0,0,0,update CI/CD
stripe-wallet,21291671653,313,1,Development,.github/workflows/development.yml,push,success,2026-01-23T15:35:40Z,605,b-7.4.x-cleanup-handler-STRP-71,dantweb,7aa64cbaeeb7,1,2026-01-23,Daniil Tkachev,34,5913,1061,935,1116,0,"clean up code style, handlers and services"
stripe-wallet,21295032247,314,1,Development,.github/workflows/development.yml,push,success,2026-01-23T17:26:30Z,618,b-7.4.x-cleanup-handler-STRP-71,dantweb,1746bf7c4c7b,1,2026-01-23,Daniil Tkachev,7,280,137,0,15,0,"clean up code style, handlers and services"
stripe-wallet,21362068433,315,1,Development,.github/workflows/development.yml,push,success,2026-01-26T14:52:15Z,562,b-7.4.x-cleanup-handler-STRP-71,dantweb,19416693d03d,1,2026-01-26,Daniil Tkachev,47,3883,1176,517,193,0,clean up tests remove unused code
stripe-wallet,21363029496,316,1,Development,.github/workflows/development.yml,push,success,2026-01-26T15:20:34Z,606,b-7.4.x-cleanup-handler-STRP-71,dantweb,041c75187dbf,1,2026-01-26,Daniil Tkachev,1,12,8,0,0,0,clean up tests remove unused code
stripe-wallet,21379014805,20,1,github_actions in /. - Update #1221894208,dynamic/dependabot/dependabot-updates,dynamic,success,2026-01-27T00:08:01Z,30,b-7.4.x,dependabot[bot],45f1b9d96232,1,2026-01-21,Daniil Tkachev,1,1,1,0,0,0,update CI/CD
stripe-wallet,21392023231,317,1,Development,.github/workflows/development.yml,push,success,2026-01-27T09:36:59Z,588,b-7.4.x,dantweb,041c75187dbf,1,2026-01-26,Daniil Tkachev,1,12,8,0,0,0,clean up tests remove unused code
stripe-wallet,21392322007,318,1,Development,.github/workflows/development.yml,push,success,2026-01-27T09:46:40Z,558,b-7.4.x-update-recipe,dantweb,6c0b446625df,1,2026-01-27,Daniil Tkachev,1,3,0,0,0,0,clean up tests remove unused code
stripe-wallet,21396614777,319,1,Development,.github/workflows/development.yml,push,success,2026-01-27T12:09:37Z,593,b-7.4.x-update-recipe,dantweb,64f848cf9a79,1,2026-01-27,Daniil Tkachev,2,6,0,0,0,0,clean up tests remove unused code
stripe-wallet,21397223223,320,1,Development,.github/workflows/development.yml,push,success,2026-01-27T12:29:35Z,641,b-7.4.x-update-recipe,dantweb,34face0ab60b,1,2026-01-27,Daniil Tkachev,1,2,0,0,0,0,clean up tests remove unused code
stripe-wallet,21397383271,321,1,Development,.github/workflows/development.yml,push,success,2026-01-27T12:34:50Z,590,b-7.4.x,dantweb,34face0ab60b,1,2026-01-27,Daniil Tkachev,1,2,0,0,0,0,clean up tests remove unused code
stripe-wallet,21439998207,322,1,Development,.github/workflows/development.yml,push,failure,2026-01-28T13:25:20Z,663,b-7.4.x-refund-stock-STRP-79,dantweb,989fec6856a7,0,,,,,,,,,
stripe-wallet,21440535679,323,1,Development,.github/workflows/development.yml,push,failure,2026-01-28T13:41:41Z,90,b-7.4.x-refund-stock-STRP-79,dantweb,380ed312c974,0,,,,,,,,,
stripe-wallet,21441381507,324,1,Development,.github/workflows/development.yml,push,success,2026-01-28T14:06:24Z,601,b-7.4.x-refund-stock-STRP-79,dantweb,c69fc10fa1f6,0,,,,,,,,,
stripe-wallet,21441648708,325,1,Development,.github/workflows/development.yml,push,failure,2026-01-28T14:14:03Z,676,b-7.4.x-refund-stock-STRP-79,dantweb,dd10cf70d169,0,,,,,,,,,
stripe-wallet,21441733623,326,1,Development,.github/workflows/development.yml,push,success,2026-01-28T14:16:29Z,623,b-7.4.x-refund-stock-STRP-79,dantweb,42c6ca0881af,1,2026-01-28,Daniil Tkachev,68,2258,6580,244,249,0,STRP-79 Add stock restore after refund and cleanup
stripe-wallet,21442656533,327,1,Development,.github/workflows/development.yml,push,success,2026-01-28T14:42:10Z,1045,b-7.4.x-refund-stock-STRP-79,dantweb,994375987c22,1,2026-01-28,Daniil Tkachev,7,301,82,1,1,0,code cleanup
stripe-wallet,21442814012,328,1,Development,.github/workflows/development.yml,push,success,2026-01-28T14:46:16Z,848,b-7.4.x,dantweb,994375987c22,1,2026-01-28,Daniil Tkachev,7,301,82,1,1,0,code cleanup
stripe-wallet,21480331067,329,1,Development,.github/workflows/development.yml,push,success,2026-01-29T13:38:54Z,688,b-7.4.x-activation-STRP-82,dantweb,3fcaef724abe,0,,,,,,,,,
stripe-wallet,21484736389,331,1,Development,.github/workflows/development.yml,push,success,2026-01-29T15:45:18Z,618,b-7.4.x-activation-STRP-82,dantweb,7bb8a78e77f2,0,,,,,,,,,
stripe-wallet,21484736382,330,1,Development,.github/workflows/development.yml,push,success,2026-01-29T15:45:18Z,603,b-7.4.x-activation-STRP-82,dantweb,7bb8a78e77f2,0,,,,,,,,,
stripe-wallet,21485058021,332,1,Development,.github/workflows/development.yml,push,success,2026-01-29T15:54:42Z,600,b-7.4.x-activation-STRP-82,dantweb,8eab53537ea2,0,,,,,,,,,
stripe-wallet,21485205582,333,1,Development,.github/workflows/development.yml,push,success,2026-01-29T15:59:00Z,581,b-7.4.x-activation-STRP-82,dantweb,5d6f6ae62702,1,2026-01-29,Daniil Tkachev,254,2036,3998,368,209,0,STRP-81 Cleanup and API key fix
stripe-wallet,21485742412,334,1,Development,.github/workflows/development.yml,push,success,2026-01-29T16:14:30Z,625,b-7.4.x-activation-STRP-82,dantweb,06af2b48d7f6,1,2026-01-29,Daniil Tkachev,645,984,1845,0,0,0,Add merchant installation and CRM/ERP integration docs
stripe-wallet,21485764400,335,1,Development,.github/workflows/development.yml,push,success,2026-01-29T16:15:07Z,617,b-7.4.x,dantweb,06af2b48d7f6,1,2026-01-29,Daniil Tkachev,645,984,1845,0,0,0,Add merchant installation and CRM/ERP integration docs
stripe-wallet,21513350373,336,1,Development,.github/workflows/development.yml,push,cancelled,2026-01-30T10:54:05Z,424,b-7.4.x-dto,dantweb,cd3429027ce0,1,2026-01-30,Daniil Tkachev,23,281,809,127,152,0,update DTO file structure
stripe-wallet,21513780372,337,3,Development,.github/workflows/development.yml,push,failure,2026-01-30T11:10:19Z,96,b-7.4.x-dto,dantweb,3e0555288bd1,1,2026-01-30,Daniil Tkachev,95,1363,1040,0,0,0,update docs
stripe-wallet,21518623119,338,2,Development,.github/workflows/development.yml,push,failure,2026-01-30T14:09:23Z,115,b-7.4.x,dantweb,3e0555288bd1,1,2026-01-30,Daniil Tkachev,95,1363,1040,0,0,0,update docs
stripe-wallet,21587817021,339,1,Development,.github/workflows/development.yml,push,success,2026-02-02T11:12:51Z,745,b-7.4.x-submodule-pw,dantweb,26dec40d8ff2,1,2026-02-02,Daniil Tkachev,30,9,2961,0,1,0,add playwright as a submodule
stripe-wallet,21593467638,340,1,Development,.github/workflows/development.yml,push,failure,2026-02-02T14:13:25Z,314,b-7.4.x-submodule-pw,dantweb,dc09b86b43ff,1,2026-02-02,Daniil Tkachev,2,6,4,0,0,0,add playwright as a submodule
stripe-wallet,21598840420,341,1,Development,.github/workflows/development.yml,push,failure,2026-02-02T16:41:30Z,86,b-7.4.x-submodule-pw,dantweb,2c42b456ac60,1,2026-02-02,Daniil Tkachev,2,4,6,0,0,0,STRP-84 App composer plugin for migrations
stripe-wallet,21616403511,21,1,github_actions in /. - Update #1231500708,dynamic/dependabot/dependabot-updates,dynamic,success,2026-02-03T04:00:02Z,50,b-7.4.x,dependabot[bot],3e0555288bd1,1,2026-01-30,Daniil Tkachev,95,1363,1040,0,0,0,update docs
stripe-wallet,21622838876,342,1,Development,.github/workflows/development.yml,push,failure,2026-02-03T08:30:22Z,104,b-7.4.x,dantweb,4488617592a4,1,2026-02-03,Daniil Tkachev,1,2,1,0,0,0,update gitignore
stripe-wallet,21623063646,343,1,Development,.github/workflows/development.yml,push,failure,2026-02-03T08:37:57Z,723,b-7.4.x,dantweb,2e413d1a3851,1,2026-02-03,Daniil Tkachev,1,2,0,0,0,0,update CI/CD
stripe-wallet,21624966042,344,1,Development,.github/workflows/development.yml,push,success,2026-02-03T09:38:32Z,706,b-7.4.x,dantweb,b9a63b66f541,1,2026-02-03,Daniil Tkachev,1,3,1,0,0,0,update CI/CD migrations
stripe-wallet,21628926970,345,1,Development,.github/workflows/development.yml,push,success,2026-02-03T11:45:46Z,715,b-7.4.x-fix-ci,dantweb,36ef594104d2,1,2026-02-03,Daniil Tkachev,2,6,2,0,0,0,update CI/CD migrations
stripe-wallet,21630066060,346,1,Development,.github/workflows/development.yml,push,failure,2026-02-03T12:23:40Z,469,b-7.4.x,dantweb,36ef594104d2,1,2026-02-03,Daniil Tkachev,2,6,2,0,0,0,update CI/CD migrations
stripe-wallet,21630732471,347,2,Development,.github/workflows/development.yml,push,failure,2026-02-03T12:45:19Z,90,b-7.4.x,dantweb,c354877e51c9,1,2026-02-03,Daniil Tkachev,1,23,3,0,0,0,update CI/CD migrations
stripe-wallet,21630854718,348,1,Development,.github/workflows/development.yml,push,success,2026-02-03T12:49:18Z,403,b-7.4.x-fix-ci,dantweb,772ce7c6f769,1,2026-02-03,Daniil Tkachev,1,6,0,0,0,0,update CI/CD migrations
stripe-wallet,21631071675,349,1,Development,.github/workflows/development.yml,push,success,2026-02-03T12:56:16Z,414,b-7.4.x,dantweb,772ce7c6f769,1,2026-02-03,Daniil Tkachev,1,6,0,0,0,0,update CI/CD migrations
stripe-wallet,21664248564,350,1,Development,.github/workflows/development.yml,push,failure,2026-02-04T08:32:06Z,404,b-7.4.x,dantweb,e7e9260e6cb1,1,2026-02-04,Daniil Tkachev,108,4802,2012,75,1,0,STRP-85 Code cleanup and refactor
stripe-wallet,21666623980,351,1,Development,.github/workflows/development.yml,push,success,2026-02-04T09:48:53Z,424,b-7.4.x,dantweb,6748de1a22b6,1,2026-02-04,Daniil Tkachev,18,4085,3,0,72,0,STRP-85 Code cleanup and refactor
stripe-wallet,21666658684,352,1,Development,.github/workflows/development.yml,push,success,2026-02-04T09:50:04Z,664,b-7.4.x,dantweb,0d90e5b6c8f0,1,2026-02-04,Daniil Tkachev,1,1,1,0,0,0,STRP-85 Code cleanup and refactor
stripe-wallet,21669676684,353,1,Development,.github/workflows/development.yml,push,success,2026-02-04T11:28:02Z,649,b-7.4.x,dantweb,8e3358d2a720,1,2026-02-04,Daniil Tkachev,2,34,4,1,0,0,fix tests
stripe-wallet,21670381939,354,1,Development,.github/workflows/development.yml,push,success,2026-02-04T11:52:25Z,651,b-7.4.x,dantweb,776d76030436,1,2026-02-04,Daniil Tkachev,1,1,1,0,1,0,add e2e suite architecture
stripe-wallet,21713640794,355,1,Development,.github/workflows/development.yml,push,success,2026-02-05T13:38:15Z,661,b-7.4.x-api-key-STRP-86,dantweb,f1981ee42b5c,1,2026-02-05,Daniil Tkachev,13,1303,44,13,2,0,STRP-86 Add API keys validation
stripe-wallet,21714078188,356,1,Development,.github/workflows/development.yml,push,success,2026-02-05T13:51:35Z,640,b-7.4.x-api-key-STRP-86,dantweb,174963d7df39,1,2026-02-05,Daniil Tkachev,7,33,222,0,0,0,STRP-86 Cleaup dead code
stripe-wallet,21714764434,357,1,Development,.github/workflows/development.yml,push,success,2026-02-05T14:11:38Z,666,b-7.4.x,dantweb,174963d7df39,1,2026-02-05,Daniil Tkachev,7,33,222,0,0,0,STRP-86 Cleaup dead code
stripe-wallet,21716321309,358,1,Development,.github/workflows/development.yml,push,success,2026-02-05T14:56:31Z,651,b-7.4.x_cleanup,mariolorenz,5fd0c5fd7ef2,0,,,,,,,,,
stripe-wallet,21719038678,359,1,Development,.github/workflows/development.yml,push,success,2026-02-05T16:11:47Z,681,b-7.4.x_cleanup-CR-DT-STRP-89,dantweb,93287b4910dd,1,2026-02-05,Daniil Tkachev,5,1032,0,0,0,0,STRP-86 Cleaup dead code
stripe-wallet,21719714860,360,1,Development,.github/workflows/development.yml,push,success,2026-02-05T16:30:05Z,696,b-7.4.x_cleanup-CR-DT-STRP-89,dantweb,93f429835b36,1,2026-02-05,Daniil Tkachev,5,5,24,1,4,0,code and tests cleanup
stripe-wallet,21719798963,361,1,Development,.github/workflows/development.yml,push,success,2026-02-05T16:32:24Z,664,b-7.4.x_cleanup-CR-DT-STRP-89,dantweb,868af2b42cb8,1,2026-02-05,Daniil Tkachev,3,747,6,0,0,0,code and tests cleanup
stripe-wallet,21747525324,362,1,Development,.github/workflows/development.yml,push,success,2026-02-06T10:36:28Z,810,b-7.4.x_cleanup-CR-DT-STRP-89,dantweb,91667ad7dab5,1,2026-02-06,Daniil Tkachev,16,2977,85,492,1572,0,STRP-89 Idempotency feature
stripe-wallet,21747990042,363,1,Development,.github/workflows/development.yml,push,success,2026-02-06T10:53:03Z,695,b-7.4.x,dantweb,91667ad7dab5,1,2026-02-06,Daniil Tkachev,16,2977,85,492,1572,0,STRP-89 Idempotency feature
stripe-wallet,21752434118,364,1,Development,.github/workflows/development.yml,push,failure,2026-02-06T13:34:58Z,677,b-7.4.x,dantweb,630de7929149,1,2026-02-06,Daniil Tkachev,56,2392,4802,760,425,0,STRP-87 Transmit customer to provider
stripe-wallet,21760491146,365,1,Development,.github/workflows/development.yml,push,failure,2026-02-06T17:55:33Z,631,b-7.4.x-fix-styles,dantweb,2533717be646,1,2026-02-06,Daniil Tkachev,53,3632,4128,2163,943,0,SOLIDifing
stripe-wallet,21821179007,366,1,Development,.github/workflows/development.yml,push,success,2026-02-09T10:21:16Z,680,b-7.4.x-fix-styles,dantweb,7540c4824567,1,2026-02-09,Daniil Tkachev,1,0,1,0,0,0,STRP-87 clean code
stripe-wallet,21821861771,367,1,Development,.github/workflows/development.yml,push,success,2026-02-09T10:42:41Z,635,b-7.4.x,dantweb,4058d528a3ff,1,2026-02-09,Daniil Tkachev,4,1474,0,0,0,0,add developer documentation
stripe-wallet,21827122544,368,1,Development,.github/workflows/development.yml,push,success,2026-02-09T13:33:03Z,692,b-7.4.x-mcp-STRP-88,dantweb,2a374ca229c4,1,2026-02-09,Daniil Tkachev,11,8744,0,0,0,0,STRP-88 Mcp/Acp development research
stripe-wallet,21847653522,22,1,github_actions in /. - Update #1238982846,dynamic/dependabot/dependabot-updates,dynamic,success,2026-02-10T01:15:51Z,40,b-7.4.x,dependabot[bot],4058d528a3ff,1,2026-02-09,Daniil Tkachev,4,1474,0,0,0,0,add developer documentation
stripe-wallet,21909585315,369,1,Development,.github/workflows/development.yml,push,success,2026-02-11T14:42:59Z,647,b-7.4.x-mcp-STRP-88,dantweb,40de9e2a4963,1,2026-02-11,Daniil Tkachev,11,6084,3,0,1,0,STRP-88 ACP/UCP documentaiton
stripe-wallet,21912363352,370,1,Development,.github/workflows/development.yml,push,success,2026-02-11T15:57:04Z,655,b-7.4.x-mcp-STRP-88,dantweb,23443060b707,1,2026-02-11,Daniil Tkachev,2,489,0,0,0,0,STRP-88 Add docs for complete E2E testing with LLM
stripe-wallet,21953525735,371,1,Development,.github/workflows/development.yml,push,failure,2026-02-12T15:45:29Z,663,b-7.4.x-mcp-STRP-88,dantweb,999f0ca58bdf,1,2026-02-12,Daniil Tkachev,46,3030,103,1263,1307,0,STRP-88 Add MCP/ACP/UCP support and tests
stripe-wallet,21993621508,372,1,Development,.github/workflows/development.yml,push,failure,2026-02-13T16:04:04Z,667,b-7.4.x-mcp-STRP-88,dantweb,b4acce0f4390,1,2026-02-13,Daniil Tkachev,85,17299,105,1300,8374,0,STRP-88 More MCP
stripe-wallet,22071445390,373,1,Development,.github/workflows/development.yml,push,failure,2026-02-16T17:00:54Z,663,b-7.4.x-mcp-STRP-88,dantweb,29b487f922f7,1,2026-02-16,Daniil Tkachev,36,5822,773,895,2430,0,"STRP-88 Added MCP GraphQL, e2e int.tests & a real LLM CLI buying agent"
stripe-wallet,22072056663,374,1,Development,.github/workflows/development.yml,push,failure,2026-02-16T17:22:24Z,658,b-7.4.x-mcp-STRP-88,dantweb,c60ad1265c55,1,2026-02-16,Daniil Tkachev,5,602,0,170,422,0,"STRP-88 Added MCP GraphQL, e2e int.tests & a real LLM CLI buying agent"
stripe-wallet,22072252529,375,1,Development,.github/workflows/development.yml,push,failure,2026-02-16T17:29:34Z,703,b-7.4.x-mcp-STRP-88,dantweb,16a23c708e65,1,2026-02-16,Daniil Tkachev,2,4,0,0,0,0,"STRP-88 Added MCP GraphQL, e2e int.tests & a real LLM CLI buying agent"
stripe-wallet,22079891177,23,1,github_actions in /. - Update #1246114314,dynamic/dependabot/dependabot-updates,dynamic,success,2026-02-16T22:56:14Z,36,b-7.4.x,dependabot[bot],4058d528a3ff,1,2026-02-09,Daniil Tkachev,4,1474,0,0,0,0,add developer documentation
stripe-wallet,22100039518,376,1,Development,.github/workflows/development.yml,push,failure,2026-02-17T13:19:00Z,679,b-7.4.x-mcp-STRP-88,dantweb,1cdcf6905943,1,2026-02-17,Daniil Tkachev,7,996,13,210,0,0,STRP-88 MCP Can create orders
stripe-wallet,22139232865,377,1,Development,.github/workflows/development.yml,push,failure,2026-02-18T12:12:31Z,657,b-7.4.x-mcp-STRP-88,dantweb,dcdd181ccfe4,1,2026-02-18,Daniil Tkachev,19,954,100,228,0,0,STRP-88 MCP creates order as a gest
stripe-wallet,22139882725,378,1,Development,.github/workflows/development.yml,push,failure,2026-02-18T12:33:03Z,89,b-7.4.x-mcp-STRP-88,dantweb,c1fa5ee3129e,1,2026-02-18,Daniil Tkachev,1,1,1,0,0,0,STRP-88 MCP creates order as a gest - try with paycomp-branch
stripe-wallet,22139991575,379,1,Development,.github/workflows/development.yml,push,failure,2026-02-18T12:36:30Z,628,b-7.4.x-mcp-STRP-88,dantweb,286c3c67cf11,1,2026-02-18,Daniil Tkachev,1,1,1,0,0,0,STRP-88 MCP creates order as a gest - try with paycomp-branch
stripe-wallet,22140352411,380,1,Development,.github/workflows/development.yml,push,success,2026-02-18T12:48:05Z,623,b-7.4.x-mcp-STRP-88,dantweb,3d1a7fdf937d,1,2026-02-18,Daniil Tkachev,3,361,131,0,361,0,STRP-88 MCP creates order as a gest - try with paycomp-branch
stripe-wallet,22182503856,381,1,Development,.github/workflows/development.yml,push,success,2026-02-19T12:50:54Z,700,b-7.4.x-mcp-STRP-88,dantweb,ffbdfd43427b,1,2026-02-19,Daniil Tkachev,422,7066,175,0,6450,0,STRP-88 MCP creates order as a gest - try with paycomp-branch
stripe-wallet,22217057182,382,1,Development,.github/workflows/development.yml,push,failure,2026-02-20T08:32:41Z,645,b-7.4.x-security-STRP-99,dantweb,02be67d74051,1,2026-02-20,Daniil Tkachev,4,165,124,15,150,0,"STRP-99 MCP, code style and PCI complience"
stripe-wallet,22303343082,383,1,Development,.github/workflows/development.yml,push,failure,2026-02-23T11:02:11Z,682,b-7.4.x-security-STRP-99,dantweb,722bd14de7dd,1,2026-02-23,Daniil Tkachev,23,2882,21,131,530,0,STRP-99 Code style and complience
stripe-wallet,22305868946,384,1,Development,.github/workflows/development.yml,push,success,2026-02-23T12:20:52Z,666,b-7.4.x-security-STRP-99,dantweb,a4f82ae55b7c,1,2026-02-23,Daniil Tkachev,1,1,1,0,0,0,STRP-99 Code style and complience
stripe-wallet,22306282578,385,1,Development,.github/workflows/development.yml,push,success,2026-02-23T12:33:21Z,670,b-7.4.x,dantweb,56ed8024983d,1,2026-02-23,Daniil Tkachev,1,21,19,0,0,0,STRP-99 Code style and complience
stripe-wallet,22306602458,386,1,Development,.github/workflows/development.yml,push,success,2026-02-23T12:43:06Z,627,b-7.4.x-pen-stress-preps-STRP-102,dantweb,f43655e6137c,0,,,,,,,,,
stripe-wallet,22309926075,387,1,Development,.github/workflows/development.yml,push,success,2026-02-23T14:17:15Z,651,b-7.4.x-pen-stress-preps-STRP-102,dantweb,2d1804aeb414,0,,,,,,,,,
stripe-wallet,22330042052,24,1,github_actions in /. - Update #1255660497,dynamic/dependabot/dependabot-updates,dynamic,success,2026-02-23T23:51:37Z,44,b-7.4.x,dependabot[bot],56ed8024983d,1,2026-02-23,Daniil Tkachev,1,21,19,0,0,0,STRP-99 Code style and complience
stripe-wallet,22354141606,388,1,Development,.github/workflows/development.yml,push,success,2026-02-24T14:01:49Z,656,b-7.4.x-pen-stress-preps-STRP-102,dantweb,ecfa62fa0e92,0,,,,,,,,,
stripe-wallet,22354542425,389,1,Development,.github/workflows/development.yml,push,success,2026-02-24T14:12:26Z,624,b-7.4.x-pen-stress-preps-STRP-102,dantweb,1f096f689852,0,,,,,,,,,
stripe-wallet,22360938219,390,1,Development,.github/workflows/development.yml,push,failure,2026-02-24T16:51:25Z,88,b-7.4.x-pen-stress-preps-STRP-102,dantweb,07cc7760bfa4,0,,,,,,,,,
stripe-wallet,22387722962,391,1,Development,.github/workflows/development.yml,push,failure,2026-02-25T08:02:10Z,615,b-7.4.x-pen-stress-preps-STRP-102,dantweb,fa437a834b88,0,,,,,,,,,
stripe-wallet,22389012068,392,1,Development,.github/workflows/development.yml,push,failure,2026-02-25T08:41:25Z,538,b-7.4.x-pen-stress-preps-STRP-102,dantweb,5bc3ecd403eb,0,,,,,,,,,
stripe-wallet,22389403701,393,1,Development,.github/workflows/development.yml,push,success,2026-02-25T08:52:56Z,661,b-7.4.x-pen-stress-preps-STRP-102,dantweb,f9462714a021,1,2026-02-23,Daniil Tkachev,55,9677,27,464,1618,0,STRP-102 Data access management measures
stripe-wallet,22389793622,394,1,Development,.github/workflows/development.yml,push,success,2026-02-25T09:04:25Z,631,b-7.4.x,dantweb,f9462714a021,1,2026-02-23,Daniil Tkachev,55,9677,27,464,1618,0,STRP-102 Data access management measures
stripe-wallet,22389970925,395,1,Development,.github/workflows/development.yml,push,success,2026-02-25T09:09:39Z,648,b-7.4.x-stripe-sdk-updgrade-STRP-91,dantweb,f0d8c3239575,1,2026-02-25,Daniil Tkachev,3,2969,2959,2,0,0,STRP-91 Upgrade Stripe SDK 18->19.3
stripe-wallet,22390464009,396,1,Development,.github/workflows/development.yml,push,success,2026-02-25T09:23:04Z,679,b-7.4.x,dantweb,f0d8c3239575,1,2026-02-25,Daniil Tkachev,3,2969,2959,2,0,0,STRP-91 Upgrade Stripe SDK 18->19.3
stripe-wallet,22397243430,397,1,Development,.github/workflows/development.yml,push,success,2026-02-25T12:39:23Z,665,b-7.4.x-shippingcosts-STRP-94,dantweb,8fda499f4a5f,1,2026-02-25,Daniil Tkachev,6,60,130,0,0,0,hot fix
stripe-wallet,22397251096,398,1,Development,.github/workflows/development.yml,push,success,2026-02-25T12:39:36Z,622,b-7.4.x,dantweb,8fda499f4a5f,1,2026-02-25,Daniil Tkachev,6,60,130,0,0,0,hot fix
stripe-wallet,22444534691,399,1,Development,.github/workflows/development.yml,push,success,2026-02-26T13:37:55Z,659,b-7.4.x-refund-zero-STRP-101,dantweb,08f507b83237,1,2026-02-26,Daniil Tkachev,6,292,2,18,34,0,STRP-101 Refund order recalculation
stripe-wallet,22445121621,400,1,Development,.github/workflows/development.yml,push,success,2026-02-26T13:54:01Z,661,b-7.4.x,dantweb,08f507b83237,1,2026-02-26,Daniil Tkachev,6,292,2,18,34,0,STRP-101 Refund order recalculation
stripe-wallet,22483118132,401,1,Development,.github/workflows/development.yml,push,success,2026-02-27T10:46:51Z,733,b-7.4.x-discounts-in-payment-intentions-STRP-103,dantweb,4986f58b5a41,0,,,,,,,,,
stripe-wallet,22492053970,402,1,Development,.github/workflows/development.yml,push,success,2026-02-27T15:20:14Z,657,b-7.4.x-discounts-in-payment-intentions-STRP-103,dantweb,5f14a6c60d7b,0,,,,,,,,,
stripe-wallet,22492922259,403,1,Development,.github/workflows/development.yml,push,success,2026-02-27T15:43:15Z,646,b-7.4.x,mariolorenz,d63df3748fc1,1,2026-02-27,Mario Lorenz,2,106,1,0,0,0,add license
stripe-wallet,22570472819,404,1,Development,.github/workflows/development.yml,push,success,2026-03-02T09:50:30Z,637,b-7.4.x-discounts-in-payment-intentions-STRP-103,dantweb,6d38650ee271,1,2026-02-27,Daniil Tkachev,18,1775,496,286,671,0,STRP-103 Payment intentions to include discounts
stripe-wallet,22570907127,405,1,Development,.github/workflows/development.yml,push,success,2026-03-02T10:02:02Z,626,b-7.4.x,dantweb,ec0a9ec196ea,1,2026-03-02,Daniil Tkachev,0,0,0,0,0,0,Merge branch 'b-7.4.x-discounts-in-payment-intentions-STRP-103' into b-7.4.x
stripe-wallet,22584598725,406,1,Development,.github/workflows/development.yml,push,failure,2026-03-02T16:10:48Z,665,b-7.4.x-cancelled-order-STRP-100,dantweb,ba4e5082988a,0,,,,,,,,,
stripe-wallet,22601861709,25,1,github_actions in /. - Update #1265913569,dynamic/dependabot/dependabot-updates,dynamic,success,2026-03-03T00:12:23Z,54,b-7.4.x,dependabot[bot],ec0a9ec196ea,1,2026-03-02,Daniil Tkachev,0,0,0,0,0,0,Merge branch 'b-7.4.x-discounts-in-payment-intentions-STRP-103' into b-7.4.x
stripe-wallet,22601886943,407,1,Development,.github/workflows/development.yml,push,failure,2026-03-03T00:13:16Z,64,dependabot/github_actions/actions/upload-artifact-7,dependabot[bot],d06372d80b5b,1,2026-03-03,dependabot[bot],1,3,3,0,0,0,Bump actions/upload-artifact from 4 to 7
stripe-wallet,22857094451,408,1,Development,.github/workflows/development.yml,push,failure,2026-03-09T14:00:39Z,440,b-7.4.x-one-page-checkout,sosenx,f1d0bf87555c,1,2026-03-09,Bartosz Sosnowski,8,191,152,135,0,0,up
stripe-wallet,22969069485,409,1,Development,.github/workflows/development.yml,push,failure,2026-03-11T18:49:35Z,664,b-7.4.x-one-page-checkout,sosenx,dd1d267430bf,1,2026-03-11,Bartosz Sosnowski,4,22,4,21,1,0,up
stripe-wallet,23045635019,410,1,Development,.github/workflows/development.yml,push,success,2026-03-13T09:57:53Z,645,b-7.4.x_middleware_STRP-107,mariolorenz,a28431bc7b4b,0,,,,,,,,,
stripe-wallet,23049787882,411,1,Development,.github/workflows/development.yml,push,success,2026-03-13T11:58:31Z,675,b-7.4.x-cancelled-order-STRP-100,dantweb,4d732b098007,0,,,,,,,,,
stripe-wallet,23063298577,412,1,Development,.github/workflows/development.yml,push,success,2026-03-13T17:42:54Z,643,b-7.4.x-cancelled-order-STRP-100,dantweb,a1839cffb4c2,0,,,,,,,,,
stripe-wallet,23143728212,413,1,Development,.github/workflows/development.yml,push,success,2026-03-16T12:30:16Z,648,b-7.4.x-cancelled-order-STRP-100,dantweb,4fd8529357e4,1,2026-03-02,Daniil Tkachev,475,3082,18363,254,1809,0,STRP-100 Order cancellation on back or cancel
stripe-wallet,23144106020,414,1,Development,.github/workflows/development.yml,push,success,2026-03-16T12:40:01Z,640,b-7.4.x,dantweb,4fd8529357e4,1,2026-03-02,Daniil Tkachev,475,3082,18363,254,1809,0,STRP-100 Order cancellation on back or cancel
stripe-wallet,23192054943,415,1,Development,.github/workflows/development.yml,push,success,2026-03-17T11:30:25Z,688,b-7.4.x_middleware_STRP-107,mariolorenz,0b24b2d3cde7,0,,,,,,,,,
stripe-wallet,23198126449,416,1,Development,.github/workflows/development.yml,push,success,2026-03-17T14:03:17Z,649,b-7.4.x_middleware_STRP-107,mariolorenz,7d02a947b5b6,0,,,,,,,,,
stripe-wallet,23200946224,417,1,Development,.github/workflows/development.yml,push,success,2026-03-17T15:03:28Z,652,b-7.4.x,mariolorenz,2ecc517ef4ac,1,2026-03-17,Mario Lorenz,1,1,1,0,0,0,change version number
stripe-wallet,23303557724,418,1,Development,.github/workflows/development.yml,push,success,2026-03-19T15:48:24Z,668,b-7.4.x_LogWithDate,mariolorenz,a5a2510d9bf9,1,2026-03-19,Mario Lorenz,1,9,0,0,0,0,add CHANGELOG.md
stripe-wallet,23303584604,419,1,Development,.github/workflows/development.yml,push,success,2026-03-19T15:48:59Z,673,b-7.4.x,mariolorenz,a5a2510d9bf9,1,2026-03-19,Mario Lorenz,1,9,0,0,0,0,add CHANGELOG.md
stripe-wallet,23444574696,420,1,Development,.github/workflows/development.yml,push,success,2026-03-23T15:11:54Z,682,b-7.4.x-coupon-fail-STRP-105,dantweb,96106a9623a9,1,2026-03-23,Daniil Tkachev,4,115,3,114,0,0,STRP-105 Release coupon on cancelled payment
stripe-wallet,23445068498,421,1,Development,.github/workflows/development.yml,push,success,2026-03-23T15:22:07Z,771,b-7.4.x,dantweb,ae5e04f3e44f,1,2026-03-23,Daniil Tkachev,0,0,0,0,0,0,Merge branch 'b-7.4.x-coupon-fail-STRP-105' into b-7.4.x
stripe-wallet,23491158826,422,1,Development,.github/workflows/development.yml,push,success,2026-03-24T13:10:52Z,636,b-7.4.x-empty-shipping-STRP-104,dantweb,7d6c24b57829,1,2026-03-24,Daniil Tkachev,6,490,2,3,179,0,STRP-105 Release coupon on cancelled payment
stripe-wallet,23492159450,423,1,Development,.github/workflows/development.yml,push,success,2026-03-24T13:33:36Z,675,b-7.4.x,dantweb,7d6c24b57829,1,2026-03-24,Daniil Tkachev,6,490,2,3,179,0,STRP-105 Release coupon on cancelled payment
stripe-wallet,23493374345,424,1,Development,.github/workflows/development.yml,push,failure,2026-03-24T13:59:37Z,700,b-7.4.x-code-cleanup-STRP-109,dantweb,c33456af7d92,0,,,,,,,,,
stripe-wallet,23494358651,425,1,Development,.github/workflows/development.yml,push,failure,2026-03-24T14:20:18Z,388,b-7.4.x-code-cleanup-STRP-109,dantweb,6ac8a5e6e12d,0,,,,,,,,,
stripe-wallet,23494902448,426,1,Development,.github/workflows/development.yml,push,success,2026-03-24T14:31:29Z,683,b-7.4.x-code-cleanup-STRP-109,dantweb,659fe6cd6c1d,0,,,,,,,,,
stripe-wallet,23495740300,427,1,Development,.github/workflows/development.yml,push,success,2026-03-24T14:48:40Z,630,b-7.4.x-code-cleanup-STRP-109,dantweb,72bab0d7326b,1,2026-03-24,Daniil Tkachev,17,3290,118,8,124,0,STRP-109 Code cleanup
stripe-wallet,23496296006,428,1,Development,.github/workflows/development.yml,push,success,2026-03-24T14:59:54Z,672,b-7.4.x,dantweb,72bab0d7326b,1,2026-03-24,Daniil Tkachev,17,3290,118,8,124,0,STRP-109 Code cleanup
stripe-wallet,23537625371,429,1,Development,.github/workflows/development.yml,push,success,2026-03-25T11:00:14Z,630,b-7.4.x-naming-STRP-96,dantweb,b4c7a5290094,1,2026-03-25,Daniil Tkachev,5,32,16,15,11,0,STRP-96 Naming consistency
stripe-wallet,23537983992,430,1,Development,.github/workflows/development.yml,push,success,2026-03-25T11:09:30Z,624,b-7.4.x,dantweb,b4c7a5290094,1,2026-03-25,Daniil Tkachev,5,32,16,15,11,0,STRP-96 Naming consistency
stripe-wallet,23540908697,431,1,Development,.github/workflows/development.yml,push,success,2026-03-25T12:26:24Z,662,b-7.4.x-user-email-stripe-STRP-112,dantweb,72ca8a7dc471,1,2026-03-25,Daniil Tkachev,2,62,3,21,41,0,STRP-112 Fix recurring customer email send
stripe-wallet,23542190043,432,1,Development,.github/workflows/development.yml,push,success,2026-03-25T12:57:57Z,647,b-7.4.x,dantweb,72ca8a7dc471,1,2026-03-25,Daniil Tkachev,2,62,3,21,41,0,STRP-112 Fix recurring customer email send
stripe-wallet,23544157888,433,1,Development,.github/workflows/development.yml,push,failure,2026-03-25T13:43:04Z,117,b-7.5x,dantweb,c8e4a5e47400,0,,,,,,,,,
stripe-wallet,23544713833,434,1,Development,.github/workflows/development.yml,push,failure,2026-03-25T13:55:13Z,1112,b-7.5x,dantweb,53954b802768,0,,,,,,,,,
stripe-wallet,23545731763,435,1,Development,.github/workflows/development.yml,push,failure,2026-03-25T14:17:15Z,1114,b-7.5.x,dantweb,f8cb6a63891d,0,,,,,,,,,
stripe-wallet,23547501843,436,1,Development,.github/workflows/development.yml,push,failure,2026-03-25T14:54:08Z,1144,b-7.5.x,dantweb,57fa74c76093,0,,,,,,,,,
stripe-wallet,23549491172,437,1,Development,.github/workflows/development.yml,push,success,2026-03-25T15:34:15Z,1573,b-7.5.x,dantweb,307ef2cd8e34,0,,,,,,,,,
stripe-wallet,23549520453,438,1,Development,.github/workflows/development.yml,push,success,2026-03-25T15:34:51Z,1596,b-7.5.x,dantweb,14e304b2ecfe,1,2026-03-25,Daniil Tkachev,69,664,1168,0,649,0,STRP-110 Add PHPUnit 12 support; drop PHPUnit 11
stripe-wallet,23642474509,1,1,Playwright E2E,.github/workflows/playwright-ci.yml,push,failure,2026-03-27T10:42:11Z,30,b-7.4.x-pay1-playwright,dantweb,a4bbeacb16fc,0,,,,,,,,,
stripe-wallet,23642474498,439,1,Development,.github/workflows/development.yml,push,success,2026-03-27T10:42:11Z,785,b-7.4.x-pay1-playwright,dantweb,a4bbeacb16fc,0,,,,,,,,,
stripe-wallet,23642677480,2,1,Playwright E2E,.github/workflows/playwright-ci.yml,push,failure,2026-03-27T10:47:49Z,29,b-7.4.x-pay1-playwright,dantweb,93ede3bc18db,0,,,,,,,,,
stripe-wallet,23642677467,440,1,Development,.github/workflows/development.yml,push,success,2026-03-27T10:47:49Z,719,b-7.4.x-pay1-playwright,dantweb,93ede3bc18db,0,,,,,,,,,
stripe-wallet,23642748004,441,1,Development,.github/workflows/development.yml,push,failure,2026-03-27T10:49:48Z,501,b-7.4.x-pay1-playwright,dantweb,ac72662cf6ab,0,,,,,,,,,
stripe-wallet,23642747960,3,1,Playwright E2E,.github/workflows/playwright-ci.yml,push,failure,2026-03-27T10:49:48Z,35,b-7.4.x-pay1-playwright,dantweb,ac72662cf6ab,0,,,,,,,,,
stripe-wallet,23642852396,4,1,Playwright E2E,.github/workflows/playwright-ci.yml,push,failure,2026-03-27T10:52:43Z,31,b-7.4.x-pay1-playwright,dantweb,df62faccaa1d,0,,,,,,,,,
stripe-wallet,23642852386,442,1,Development,.github/workflows/development.yml,push,success,2026-03-27T10:52:43Z,685,b-7.4.x-pay1-playwright,dantweb,df62faccaa1d,0,,,,,,,,,
stripe-wallet,23642979131,443,1,Development,.github/workflows/development.yml,push,success,2026-03-27T10:56:11Z,787,b-7.4.x-pay1-playwright,dantweb,38e623c535be,0,,,,,,,,,
stripe-wallet,23642979129,5,1,Playwright E2E,.github/workflows/playwright-ci.yml,push,failure,2026-03-27T10:56:11Z,37,b-7.4.x-pay1-playwright,dantweb,38e623c535be,0,,,,,,,,,
stripe-wallet,23643036993,6,1,Playwright E2E,.github/workflows/playwright-ci.yml,push,failure,2026-03-27T10:57:49Z,35,b-7.4.x-pay1-playwright,dantweb,f86cb366c686,0,,,,,,,,,
stripe-wallet,23643036961,444,1,Development,.github/workflows/development.yml,push,success,2026-03-27T10:57:49Z,712,b-7.4.x-pay1-playwright,dantweb,f86cb366c686,0,,,,,,,,,
stripe-wallet,23643190374,445,1,Development,.github/workflows/development.yml,push,success,2026-03-27T11:02:04Z,731,b-7.4.x-pay1-playwright,dantweb,492e0c5cf78a,0,,,,,,,,,
stripe-wallet,23643190373,7,1,Playwright E2E,.github/workflows/playwright-ci.yml,push,failure,2026-03-27T11:02:04Z,34,b-7.4.x-pay1-playwright,dantweb,492e0c5cf78a,0,,,,,,,,,
stripe-wallet,23643240226,8,1,Playwright E2E,.github/workflows/playwright-ci.yml,push,cancelled,2026-03-27T11:03:28Z,1993,b-7.4.x-pay1-playwright,dantweb,e09d0dc30eb1,0,,,,,,,,,
stripe-wallet,23643240193,446,1,Development,.github/workflows/development.yml,push,success,2026-03-27T11:03:28Z,969,b-7.4.x-pay1-playwright,dantweb,e09d0dc30eb1,0,,,,,,,,,
stripe-wallet,23644383134,447,1,Development,.github/workflows/development.yml,push,success,2026-03-27T11:36:22Z,877,b-7.4.x-pay1-playwright,dantweb,e7f9d145dbbd,0,,,,,,,,,
stripe-wallet,23644468052,448,1,Development,.github/workflows/development.yml,push,success,2026-03-27T11:38:55Z,720,b-7.4.x-pay1-playwright,dantweb,cf44e9353775,0,,,,,,,,,
stripe-wallet,23644555097,449,1,Development,.github/workflows/development.yml,push,failure,2026-03-27T11:41:29Z,662,b-7.4.x-pay1-playwright,dantweb,801f355036f0,0,,,,,,,,,
stripe-wallet,23644555075,9,1,Playwright E2E,.github/workflows/playwright-ci.yml,push,failure,2026-03-27T11:41:29Z,14,b-7.4.x-pay1-playwright,dantweb,801f355036f0,0,,,,,,,,,
stripe-wallet,23644656951,10,1,Playwright E2E,.github/workflows/playwright-ci.yml,push,cancelled,2026-03-27T11:44:29Z,173,b-7.4.x-pay1-playwright,dantweb,092c306b674c,0,,,,,,,,,
stripe-wallet,23644656936,450,1,Development,.github/workflows/development.yml,push,success,2026-03-27T11:44:29Z,657,b-7.4.x-pay1-playwright,dantweb,092c306b674c,0,,,,,,,,,
stripe-wallet,23645614989,11,1,Playwright E2E,.github/workflows/playwright-ci.yml,push,cancelled,2026-03-27T12:12:20Z,5927,b-7.4.x,dantweb,a0132287bc9f,1,2026-03-27,Daniil Tkachev,1,95,0,0,0,0,add playwright tests
stripe-wallet,23645614988,451,1,Development,.github/workflows/development.yml,push,success,2026-03-27T12:12:20Z,714,b-7.4.x,dantweb,a0132287bc9f,1,2026-03-27,Daniil Tkachev,1,95,0,0,0,0,add playwright tests
stripe-wallet,23645671399,12,1,Playwright E2E,.github/workflows/playwright-ci.yml,push,cancelled,2026-03-27T12:13:54Z,6096,b-7.4.x,dantweb,3dd0d9b7d713,1,2026-03-27,Daniil Tkachev,1,2,0,0,0,0,update ci
stripe-wallet,23645671388,452,1,Development,.github/workflows/development.yml,push,success,2026-03-27T12:13:54Z,733,b-7.4.x,dantweb,3dd0d9b7d713,1,2026-03-27,Daniil Tkachev,1,2,0,0,0,0,update ci
stripe-wallet,23649431756,453,1,Development,.github/workflows/development.yml,push,cancelled,2026-03-27T13:50:38Z,269,b-7.4.x,dantweb,93eb981756fe,1,2026-03-27,Daniil Tkachev,1,2,2,0,0,0,update ci
stripe-wallet,23649431723,13,1,Playwright E2E,.github/workflows/playwright-ci.yml,push,cancelled,2026-03-27T13:50:38Z,279,b-7.4.x,dantweb,93eb981756fe,1,2026-03-27,Daniil Tkachev,1,2,2,0,0,0,update ci
stripe-wallet,23649614128,14,1,Playwright E2E,.github/workflows/playwright-ci.yml,push,cancelled,2026-03-27T13:54:46Z,2743,b-7.4.x,dantweb,e872953e9b6c,1,2026-03-27,Daniil Tkachev,1,4,1,0,0,0,update ci
stripe-wallet,23649614082,454,1,Development,.github/workflows/development.yml,push,cancelled,2026-03-27T13:54:46Z,35,b-7.4.x,dantweb,e872953e9b6c,1,2026-03-27,Daniil Tkachev,1,4,1,0,0,0,update ci
stripe-wallet,23792990858,455,1,Development,.github/workflows/development.yml,push,failure,2026-03-31T10:36:07Z,716,b-7.4.x-one-page-checkout,sosenx,81543689dbd2,1,2026-03-31,Bartosz Sosnowski,1,4,1,4,0,0,up
stripe-wallet,23845704243,456,1,Development,.github/workflows/development.yml,push,success,2026-04-01T11:11:31Z,628,b-7.4.x-opc-integration,dantweb,440c0a4ea547,1,2026-04-01,Daniil Tkachev,3,12,2,10,0,0,Stripe-OPC integration
stripe-wallet,23845849711,457,1,Development,.github/workflows/development.yml,push,failure,2026-04-01T11:15:33Z,99,b-7.4.x-opc-integration,dantweb,fd795522924b,1,2026-04-01,Daniil Tkachev,1,1,1,0,0,0,OPC-integration CI test temp
stripe-wallet,23852108325,458,1,Development,.github/workflows/development.yml,push,success,2026-04-01T13:51:28Z,629,b-7.4.x-opc-integration,dantweb,4424d227d2de,1,2026-04-01,Daniil Tkachev,1,1,1,0,0,0,OPC-integration CI test temp
stripe-wallet,23853240920,459,1,Development,.github/workflows/development.yml,push,success,2026-04-01T14:16:23Z,648,b-7.4.x,dantweb,cde7cf57e290,1,2026-03-31,Daniil Tkachev,6,226,190,15,0,0,Stripe-OPC integration
stripe-wallet,23853240902,15,1,Playwright E2E,.github/workflows/playwright-ci.yml,push,cancelled,2026-04-01T14:16:23Z,437,b-7.4.x,dantweb,cde7cf57e290,1,2026-03-31,Daniil Tkachev,6,226,190,15,0,0,Stripe-OPC integration
stripe-wallet,23891703375,16,1,Playwright E2E,.github/workflows/playwright-ci.yml,workflow_dispatch,failure,2026-04-02T08:33:57Z,14,b-7.4.x,dantweb,cde7cf57e290,1,2026-03-31,Daniil Tkachev,6,226,190,15,0,0,Stripe-OPC integration
stripe-wallet,23896668086,17,1,Playwright E2E,.github/workflows/playwright-ci.yml,push,failure,2026-04-02T10:45:35Z,14,b-7.4.x,dantweb,ab8a544423cd,1,2026-04-02,Daniil Tkachev,16,2203,0,335,295,0,OPC-integration
stripe-wallet,23896668071,460,1,Development,.github/workflows/development.yml,push,failure,2026-04-02T10:45:35Z,649,b-7.4.x,dantweb,ab8a544423cd,1,2026-04-02,Daniil Tkachev,16,2203,0,335,295,0,OPC-integration
stripe-wallet,23905607837,461,1,Development,.github/workflows/development.yml,push,failure,2026-04-02T14:30:51Z,649,b-7.4.x-load-tests-STRP-111,dantweb,4f09c9e77225,0,,,,,,,,,
stripe-wallet,24079542693,462,1,Development,.github/workflows/development.yml,push,failure,2026-04-07T11:42:58Z,630,b-7.4.x,mariolorenz,b7684c2c0a59,1,2026-04-07,Mario Lorenz,8,8,8,0,0,0,change LICENSE
stripe-wallet,24079542692,18,1,Playwright E2E,.github/workflows/playwright-ci.yml,push,failure,2026-04-07T11:42:58Z,9216,b-7.4.x,mariolorenz,b7684c2c0a59,1,2026-04-07,Mario Lorenz,8,8,8,0,0,0,change LICENSE
stripe-wallet,24090249511,463,1,Development,.github/workflows/development.yml,push,failure,2026-04-07T15:39:36Z,664,b-7.4.x-load-tests-STRP-111,dantweb,229989816035,0,,,,,,,,,
stripe-wallet,24092397344,464,1,Development,.github/workflows/development.yml,push,failure,2026-04-07T16:26:46Z,683,b-7.4.x-load-tests-STRP-111,dantweb,40d5b3c1afa3,0,,,,,,,,,
stripe-wallet,24092653564,465,1,Development,.github/workflows/development.yml,push,failure,2026-04-07T16:32:19Z,706,b-7.4.x-load-tests-STRP-111,dantweb,a9a1b0a848a9,0,,,,,,,,,
stripe-wallet,24131108242,466,1,Development,.github/workflows/development.yml,push,success,2026-04-08T10:39:12Z,626,b-7.4.x-load-tests-STRP-111,dantweb,7d6ce4a1aa92,0,,,,,,,,,
stripe-wallet,24131716358,467,1,Development,.github/workflows/development.yml,push,success,2026-04-08T10:55:05Z,643,b-7.4.x,dantweb,006e4e3b269a,1,2026-04-02,Daniil Tkachev,24,2294,191,0,1167,0,STRP-111 Load tests init
stripe-wallet,24131716338,19,1,Playwright E2E,.github/workflows/playwright-ci.yml,push,failure,2026-04-08T10:55:05Z,7779,b-7.4.x,dantweb,006e4e3b269a,1,2026-04-02,Daniil Tkachev,24,2294,191,0,1167,0,STRP-111 Load tests init
stripe-wallet,24132494053,468,1,Development,.github/workflows/development.yml,push,success,2026-04-08T11:15:48Z,664,b-7.4.x-button-invoice-STRP-118,dantweb,83c78d93f7a2,1,2026-04-08,Daniil Tkachev,1,25,21,0,0,0,STRP-118 Stripe button exclusion on non-stripe methods
stripe-wallet,24132709058,20,1,Playwright E2E,.github/workflows/playwright-ci.yml,push,failure,2026-04-08T11:21:31Z,8868,b-7.4.x,dantweb,83c78d93f7a2,1,2026-04-08,Daniil Tkachev,1,25,21,0,0,0,STRP-118 Stripe button exclusion on non-stripe methods
stripe-wallet,24132709047,469,1,Development,.github/workflows/development.yml,push,success,2026-04-08T11:21:31Z,667,b-7.4.x,dantweb,83c78d93f7a2,1,2026-04-08,Daniil Tkachev,1,25,21,0,0,0,STRP-118 Stripe button exclusion on non-stripe methods
stripe-wallet,24147078716,470,1,Development,.github/workflows/development.yml,push,success,2026-04-08T16:39:29Z,641,b-7.4.x,dantweb,95971ded345b,1,2026-04-08,Daniil Tkachev,12,867,9,26,641,0,STRP-118 Manual capture order capture and refund fix
stripe-wallet,24147078715,21,1,Playwright E2E,.github/workflows/playwright-ci.yml,push,cancelled,2026-04-08T16:39:29Z,330,b-7.4.x,dantweb,95971ded345b,1,2026-04-08,Daniil Tkachev,12,867,9,26,641,0,STRP-118 Manual capture order capture and refund fix
stripe-wallet,24348796789,471,1,Development,.github/workflows/development.yml,push,success,2026-04-13T14:26:22Z,643,b-7.4.x-cap-refund-tr-STRP-122,dantweb,9ab1d00057f5,0,,,,,,,,,
stripe-wallet,24404249102,472,1,Development,.github/workflows/development.yml,push,success,2026-04-14T14:19:23Z,649,b-7.4.x-cap-refund-tr-STRP-122,dantweb,3117170d6f86,0,,,,,,,,,
stripe-wallet,24405560815,473,2,Development,.github/workflows/development.yml,push,failure,2026-04-14T14:44:35Z,92,b-7.4.x-cap-refund-tr-STRP-122,dantweb,aed4270c1bca,0,,,,,,,,,
stripe-wallet,24414729421,474,1,Development,.github/workflows/development.yml,push,failure,2026-04-14T17:58:09Z,449,b-7.4.x-cap-refund-tr-STRP-122,dantweb,ac4f01989f77,0,,,,,,,,,
stripe-wallet,24415018001,475,1,Development,.github/workflows/development.yml,push,success,2026-04-14T18:04:45Z,637,b-7.4.x-cap-refund-tr-STRP-122,dantweb,3007cf92f3ef,0,,,,,,,,,
stripe-wallet,24442957638,476,1,Development,.github/workflows/development.yml,push,success,2026-04-15T07:52:58Z,707,b-7.4.x-cap-refund-tr-STRP-122,dantweb,8b961e2ae370,1,2026-04-08,Daniil Tkachev,69,2444,316,393,383,0,STRP-122 Partial capture and refund
stripe-wallet,24444421423,22,1,Playwright E2E,.github/workflows/playwright-ci.yml,push,failure,2026-04-15T08:28:38Z,7942,b-7.4.x,dantweb,8b961e2ae370,1,2026-04-08,Daniil Tkachev,69,2444,316,393,383,0,STRP-122 Partial capture and refund
stripe-wallet,24444421412,477,1,Development,.github/workflows/development.yml,push,failure,2026-04-15T08:28:38Z,483,b-7.4.x,dantweb,8b961e2ae370,1,2026-04-08,Daniil Tkachev,69,2444,316,393,383,0,STRP-122 Partial capture and refund
stripe-wallet,24463057448,478,1,Development,.github/workflows/development.yml,push,success,2026-04-15T15:25:34Z,664,b-7.4.x-cancelled-STRP-121,dantweb,21899916c09f,1,2026-04-15,Daniil Tkachev,5,76,7,24,10,0,STRP-121 Cancelled orders fix
stripe-wallet,24464061681,23,1,Playwright E2E,.github/workflows/playwright-ci.yml,push,failure,2026-04-15T15:46:33Z,8108,b-7.4.x,dantweb,21899916c09f,1,2026-04-15,Daniil Tkachev,5,76,7,24,10,0,STRP-121 Cancelled orders fix
stripe-wallet,24464061582,479,1,Development,.github/workflows/development.yml,push,success,2026-04-15T15:46:33Z,664,b-7.4.x,dantweb,21899916c09f,1,2026-04-15,Daniil Tkachev,5,76,7,24,10,0,STRP-121 Cancelled orders fix
stripe-wallet,24468232728,24,1,Playwright E2E,.github/workflows/playwright-ci.yml,push,failure,2026-04-15T17:19:38Z,7950,b-7.4.x,dantweb,0eaeb011e842,1,2026-04-15,Daniil Tkachev,3,396,0,0,0,0,docs update
stripe-wallet,24468232668,480,1,Development,.github/workflows/development.yml,push,success,2026-04-15T17:19:38Z,659,b-7.4.x,dantweb,0eaeb011e842,1,2026-04-15,Daniil Tkachev,3,396,0,0,0,0,docs update
stripe-wallet,24498690496,481,1,Development,.github/workflows/development.yml,push,failure,2026-04-16T07:51:48Z,706,b-7.4.x-opc12,sosenx,3ff33c27bef3,1,2026-04-13,Bartosz Sosnowski,9,297,3,286,0,0,OPC support enhancement
stripe-wallet,24498840574,482,1,Development,.github/workflows/development.yml,push,failure,2026-04-16T07:55:36Z,717,b-7.4.x,sosenx,3ff33c27bef3,1,2026-04-13,Bartosz Sosnowski,9,297,3,286,0,0,OPC support enhancement
stripe-wallet,24498840567,25,1,Playwright E2E,.github/workflows/playwright-ci.yml,push,failure,2026-04-16T07:55:36Z,14,b-7.4.x,sosenx,3ff33c27bef3,1,2026-04-13,Bartosz Sosnowski,9,297,3,286,0,0,OPC support enhancement
stripe-wallet,24502523691,483,1,Development,.github/workflows/development.yml,push,success,2026-04-16T09:23:17Z,872,b-7.4.x-lang-STRP-120,dantweb,a120ea6ac278,0,,,,,,,,,
stripe-wallet,24503391479,484,1,Development,.github/workflows/development.yml,push,success,2026-04-16T09:43:17Z,1164,b-7.4.x-lang-STRP-120,dantweb,ac7e55907a71,1,2026-04-16,Daniil Tkachev,8,231,15,30,31,0,STRP-120 Lang and shp params in return and cancel urls
stripe-wallet,24504198221,485,1,Development,.github/workflows/development.yml,push,success,2026-04-16T10:01:46Z,775,b-7.4.x,dantweb,ac7e55907a71,1,2026-04-16,Daniil Tkachev,8,231,15,30,31,0,STRP-120 Lang and shp params in return and cancel urls
stripe-wallet,24504198190,26,1,Playwright E2E,.github/workflows/playwright-ci.yml,push,failure,2026-04-16T10:01:46Z,13,b-7.4.x,dantweb,ac7e55907a71,1,2026-04-16,Daniil Tkachev,8,231,15,30,31,0,STRP-120 Lang and shp params in return and cancel urls
stripe-wallet,24507306972,486,1,Development,.github/workflows/development.yml,push,success,2026-04-16T11:18:30Z,880,b-7.4.x-symbols-name-STRP-116,dantweb,9694481449ea,1,2026-04-16,Daniil Tkachev,8,356,47,64,97,0,STRP-116 Special characters filter
stripe-wallet,24507791586,27,1,Playwright E2E,.github/workflows/playwright-ci.yml,push,failure,2026-04-16T11:30:32Z,13,b-7.4.x,dantweb,9694481449ea,1,2026-04-16,Daniil Tkachev,8,356,47,64,97,0,STRP-116 Special characters filter
stripe-wallet,24507791563,487,1,Development,.github/workflows/development.yml,push,success,2026-04-16T11:30:32Z,664,b-7.4.x,dantweb,9694481449ea,1,2026-04-16,Daniil Tkachev,8,356,47,64,97,0,STRP-116 Special characters filter
stripe-wallet,24508492250,488,1,Development,.github/workflows/development.yml,push,success,2026-04-16T11:47:55Z,900,b-7.4.x-security-review-STRP-117,dantweb,5685c0422ea2,1,2026-04-16,Daniil Tkachev,6,359,0,0,108,0,STRP-118 Security review
stripe-wallet,24509070495,489,1,Development,.github/workflows/development.yml,push,success,2026-04-16T12:01:58Z,957,b-7.4.x,dantweb,5685c0422ea2,1,2026-04-16,Daniil Tkachev,6,359,0,0,108,0,STRP-118 Security review
stripe-wallet,24509070473,28,1,Playwright E2E,.github/workflows/playwright-ci.yml,push,failure,2026-04-16T12:01:58Z,14,b-7.4.x,dantweb,5685c0422ea2,1,2026-04-16,Daniil Tkachev,6,359,0,0,108,0,STRP-118 Security review
stripe-wallet,24509097376,29,2,Playwright E2E,.github/workflows/playwright-ci.yml,push,cancelled,2026-04-16T12:02:37Z,3064,b-7.4.x,dantweb,9d4c3b7b266b,1,2026-04-16,Daniil Tkachev,1,277,0,0,0,0,STRP-118 Security report on OXID core
stripe-wallet,24509097345,490,1,Development,.github/workflows/development.yml,push,success,2026-04-16T12:02:37Z,660,b-7.4.x,dantweb,9d4c3b7b266b,1,2026-04-16,Daniil Tkachev,1,277,0,0,0,0,STRP-118 Security report on OXID core
stripe-wallet,24513386542,491,1,Development,.github/workflows/development.yml,push,cancelled,2026-04-16T13:37:32Z,1169,b-7.4.x,dantweb,47c73723a476,1,2026-04-16,Daniil Tkachev,1,0,6,0,0,0,playwright-CI update
stripe-wallet,24513386524,30,2,Playwright E2E,.github/workflows/playwright-ci.yml,push,failure,2026-04-16T13:37:32Z,44,b-7.4.x,dantweb,47c73723a476,1,2026-04-16,Daniil Tkachev,1,0,6,0,0,0,playwright-CI update
stripe-wallet,24514287625,31,1,Playwright E2E,.github/workflows/playwright-ci.yml,push,failure,2026-04-16T13:55:47Z,10073,b-7.4.x,dantweb,2f70ae780156,1,2026-04-16,Daniil Tkachev,1,6,0,0,0,0,playwright-CI update
stripe-wallet,24514287026,492,1,Development,.github/workflows/development.yml,push,cancelled,2026-04-16T13:55:47Z,59,b-7.4.x,dantweb,2f70ae780156,1,2026-04-16,Daniil Tkachev,1,6,0,0,0,0,playwright-CI update
stripe-wallet,24514514622,493,1,Development,.github/workflows/development.yml,push,cancelled,2026-04-16T14:00:17Z,413,b-7.4.x,dantweb,aa310964c5b3,1,2026-04-16,Daniil Tkachev,1,21,3,0,0,0,playwright-CI update
stripe-wallet,24514514446,32,1,Playwright E2E,.github/workflows/playwright-ci.yml,push,failure,2026-04-16T14:00:17Z,9970,b-7.4.x,dantweb,aa310964c5b3,1,2026-04-16,Daniil Tkachev,1,21,3,0,0,0,playwright-CI update
stripe-wallet,24564008879,494,1,Development,.github/workflows/development.yml,push,success,2026-04-17T12:01:39Z,661,b-7.4.x,dantweb,a0f17254931a,1,2026-04-17,Daniil Tkachev,3,0,7,0,0,0,STRP-114 Remove legacy notice block in admin stripe
stripe-wallet,24564008850,33,1,Playwright E2E,.github/workflows/playwright-ci.yml,push,failure,2026-04-17T12:01:39Z,9514,b-7.4.x,dantweb,a0f17254931a,1,2026-04-17,Daniil Tkachev,3,0,7,0,0,0,STRP-114 Remove legacy notice block in admin stripe
stripe-wallet,24569460401,495,1,Development,.github/workflows/development.yml,push,success,2026-04-17T14:09:29Z,640,b-7.4.x-stripe-tab-refund-STRP-124-125,dantweb,945f2363e0c7,1,2026-04-17,Daniil Tkachev,10,249,118,59,71,0,STRP-124-125 Stripe order tab refund capture fixes
stripe-wallet,24570003380,496,1,Development,.github/workflows/development.yml,push,success,2026-04-17T14:21:09Z,652,b-7.4.x,dantweb,945f2363e0c7,1,2026-04-17,Daniil Tkachev,10,249,118,59,71,0,STRP-124-125 Stripe order tab refund capture fixes
stripe-wallet,24570003379,34,1,Playwright E2E,.github/workflows/playwright-ci.yml,push,failure,2026-04-17T14:21:09Z,7350,b-7.4.x,dantweb,945f2363e0c7,1,2026-04-17,Daniil Tkachev,10,249,118,59,71,0,STRP-124-125 Stripe order tab refund capture fixes
stripe-wallet,24738439442,497,1,Development,.github/workflows/development.yml,push,failure,2026-04-21T18:05:49Z,649,b-7.4.x,dantweb,621b5e4e9261,1,2026-04-21,Daniil Tkachev,17,632,2188,239,161,0,event system unification
stripe-wallet,24738439433,35,1,Playwright E2E,.github/workflows/playwright-ci.yml,push,cancelled,2026-04-21T18:05:49Z,692,b-7.4.x,dantweb,621b5e4e9261,1,2026-04-21,Daniil Tkachev,17,632,2188,239,161,0,event system unification
stripe-wallet,24738679057,498,1,Development,.github/workflows/development.yml,push,success,2026-04-21T18:10:58Z,644,b-7.4.x,dantweb,8bf1796fdbbe,1,2026-04-21,Daniil Tkachev,1,1,1,0,0,0,event system unification
stripe-wallet,24738679032,36,1,Playwright E2E,.github/workflows/playwright-ci.yml,push,cancelled,2026-04-21T18:10:58Z,331,b-7.4.x,dantweb,8bf1796fdbbe,1,2026-04-21,Daniil Tkachev,1,1,1,0,0,0,event system unification
stripe-wallet,24769032638,499,1,Development,.github/workflows/development.yml,push,success,2026-04-22T08:44:45Z,676,b-7.4.x-unification-epoch,dantweb,ee8462fca039,1,2026-04-22,Daniil Tkachev,1,13,0,0,0,0,event system unification
stripe-wallet,24784677511,37,1,Playwright E2E,.github/workflows/playwright-ci.yml,push,failure,2026-04-22T14:41:17Z,7513,b-7.4.x,dantweb,1b7eb8da4023,1,2026-04-22,Daniil Tkachev,4,63,77,22,22,0,event system unification
stripe-wallet,24784677331,500,1,Development,.github/workflows/development.yml,push,success,2026-04-22T14:41:17Z,675,b-7.4.x,dantweb,1b7eb8da4023,1,2026-04-22,Daniil Tkachev,4,63,77,22,22,0,event system unification
stripe-wallet,24784732063,38,1,Playwright E2E,.github/workflows/playwright-ci.yml,push,failure,2026-04-22T14:42:20Z,7584,b-7.4.x,dantweb,7169fa694a83,1,2026-04-22,Daniil Tkachev,2,26,1,25,1,0,event system unification
stripe-wallet,24784731948,501,1,Development,.github/workflows/development.yml,push,success,2026-04-22T14:42:20Z,665,b-7.4.x,dantweb,7169fa694a83,1,2026-04-22,Daniil Tkachev,2,26,1,25,1,0,event system unification
stripe-wallet,24822049255,502,1,Development,.github/workflows/development.yml,push,success,2026-04-23T07:11:19Z,698,b-7.4.x-opalreturns,dantweb,14c14fd4f1eb,1,2026-04-23,Daniil Tkachev,7,357,109,0,0,0,unification
stripe-wallet,24822070093,503,1,Development,.github/workflows/development.yml,push,success,2026-04-23T07:11:53Z,658,b-7.4.x-unification-epoch,dantweb,a7196d796e2e,1,2026-04-22,Daniil Tkachev,1,1,1,0,0,0,event system unification
stripe-wallet,24822440725,39,1,Playwright E2E,.github/workflows/playwright-ci.yml,push,failure,2026-04-23T07:21:41Z,8727,b-7.4.x,dantweb,14c14fd4f1eb,1,2026-04-23,Daniil Tkachev,7,357,109,0,0,0,unification
stripe-wallet,24822440700,504,1,Development,.github/workflows/development.yml,push,success,2026-04-23T07:21:41Z,672,b-7.4.x,dantweb,14c14fd4f1eb,1,2026-04-23,Daniil Tkachev,7,357,109,0,0,0,unification
stripe-wallet,24841193004,505,1,Development,.github/workflows/development.yml,push,failure,2026-04-23T14:39:55Z,682,b-7.4.x-payment-tab,dantweb,bdb458626f82,1,2026-04-23,Daniil Tkachev,24,1323,1528,325,202,0,unification
stripe-wallet,24881278616,506,1,Development,.github/workflows/development.yml,push,failure,2026-04-24T08:59:23Z,666,b-7.4.x,dantweb,bdb458626f82,1,2026-04-23,Daniil Tkachev,24,1323,1528,325,202,0,unification
stripe-wallet,24881278590,40,1,Playwright E2E,.github/workflows/playwright-ci.yml,push,failure,2026-04-24T08:59:23Z,8112,b-7.4.x,dantweb,bdb458626f82,1,2026-04-23,Daniil Tkachev,24,1323,1528,325,202,0,unification
stripe-wallet,25324055374,507,1,Development,.github/workflows/development.yml,push,failure,2026-05-04T14:14:23Z,1528,b-7.4.x-return-lang-STRP-120,dantweb,5279bbd876e5,1,2026-05-04,dantweb,49,553,10,72,282,0,STRP-120 Language switch in return/cancel URL
stripe-wallet,25366705490,508,1,Development,.github/workflows/development.yml,push,failure,2026-05-05T08:47:40Z,125,b-7.4.x-return-lang-STRP-120,dantweb,27a5888ddce5,0,,,,,,,,,
stripe-wallet,25367278580,509,1,Development,.github/workflows/development.yml,push,failure,2026-05-05T09:00:52Z,131,b-7.4.x-return-lang-STRP-120,dantweb,fd4d3384df40,0,,,,,,,,,
stripe-wallet,25368027304,510,1,Development,.github/workflows/development.yml,push,failure,2026-05-05T09:18:01Z,115,b-7.4.x-return-lang-STRP-120,dantweb,2083b2f0cf28,0,,,,,,,,,
stripe-wallet,25368813598,511,1,Development,.github/workflows/development.yml,push,failure,2026-05-05T09:35:53Z,110,b-7.4.x-return-lang-STRP-120,dantweb,5d9a2f1290c5,0,,,,,,,,,
stripe-wallet,25369854476,512,1,Development,.github/workflows/development.yml,push,failure,2026-05-05T09:59:42Z,122,b-7.4.x-return-lang-STRP-120,dantweb,7c7e5b85b306,0,,,,,,,,,
stripe-wallet,25371040740,513,1,Development,.github/workflows/development.yml,push,failure,2026-05-05T10:27:19Z,175,b-7.4.x-return-lang-STRP-120,dantweb,524256ec10f6,0,,,,,,,,,
stripe-wallet,25372814729,514,1,Development,.github/workflows/development.yml,push,failure,2026-05-05T11:08:42Z,116,b-7.4.x-return-lang-STRP-120,dantweb,f3cc17f53466,0,,,,,,,,,
stripe-wallet,25374907307,515,1,Development,.github/workflows/development.yml,push,failure,2026-05-05T11:56:43Z,107,b-7.4.x-return-lang-STRP-120,dantweb,9900c160b800,0,,,,,,,,,
stripe-wallet,25375879013,516,1,Development,.github/workflows/development.yml,push,failure,2026-05-05T12:18:18Z,136,b-7.4.x-return-lang-STRP-120,dantweb,eb920552aee8,0,,,,,,,,,
stripe-wallet,25376733040,517,1,Development,.github/workflows/development.yml,push,failure,2026-05-05T12:36:34Z,121,b-7.4.x-return-lang-STRP-120,dantweb,520f38a4005d,0,,,,,,,,,
stripe-wallet,25377043094,518,1,Development,.github/workflows/development.yml,push,failure,2026-05-05T12:43:13Z,528,b-7.4.x-return-lang-STRP-120,dantweb,d3db4ad734e9,0,,,,,,,,,
stripe-wallet,25377447869,519,1,Development,.github/workflows/development.yml,push,failure,2026-05-05T12:51:43Z,170,b-7.4.x,dantweb,f72c5853ac43,1,2026-05-05,Daniil Tkachev,8,1199,8,0,65,0,CI fix after unification
stripe-wallet,25377447865,41,1,Playwright E2E,.github/workflows/playwright-ci.yml,push,failure,2026-05-05T12:51:43Z,14,b-7.4.x,dantweb,f72c5853ac43,1,2026-05-05,Daniil Tkachev,8,1199,8,0,65,0,CI fix after unification
stripe-wallet,25377893907,520,1,Development,.github/workflows/development.yml,push,success,2026-05-05T13:00:46Z,773,b-7.4.x,dantweb,320242fc934d,1,2026-05-05,Daniil Tkachev,1,1,1,0,0,0,CI fix
stripe-wallet,25377893906,42,1,Playwright E2E,.github/workflows/playwright-ci.yml,push,failure,2026-05-05T13:00:46Z,13,b-7.4.x,dantweb,320242fc934d,1,2026-05-05,Daniil Tkachev,1,1,1,0,0,0,CI fix
stripe-wallet,25516278465,521,1,Development,.github/workflows/development.yml,push,success,2026-05-07T19:04:44Z,673,b-7.4.x-agb-STRP-123,dantweb,0ac0075b87d7,1,2026-05-07,Daniil Tkachev,1,1,0,0,0,0,agb button
stripe-wallet,25542906658,522,1,Development,.github/workflows/development.yml,push,success,2026-05-08T07:24:58Z,649,b-7.4.x,dantweb,0ac0075b87d7,1,2026-05-07,Daniil Tkachev,1,1,0,0,0,0,agb button
stripe-wallet,25542906634,43,1,Playwright E2E,.github/workflows/playwright-ci.yml,push,failure,2026-05-08T07:24:58Z,13,b-7.4.x,dantweb,0ac0075b87d7,1,2026-05-07,Daniil Tkachev,1,1,0,0,0,0,agb button
stripe-wallet,25553976175,523,1,Development,.github/workflows/development.yml,push,failure,2026-05-08T11:49:59Z,99,b-7.4.x-payment-base-STRP-135,dantweb,a97a38a92dae,1,2026-05-08,Daniil Tkachev,161,3047,757,263,300,0,STRP-135 PaymentComponent -> PaymentBase namespace refactoring
stripe-wallet,25555394127,524,2,Development,.github/workflows/development.yml,push,failure,2026-05-08T12:24:45Z,91,b-7.4.x-payment-base-STRP-135,dantweb,d2492fbb202c,1,2026-05-08,Daniil Tkachev,1,52,59,0,0,0,STRP-135 PaymentComponent -> PaymentBase namespace refactoring
stripe-wallet,25555571883,525,1,Development,.github/workflows/development.yml,push,failure,2026-05-08T12:28:58Z,85,b-7.4.x-payment-base-STRP-135,dantweb,9ec5fb967213,1,2026-05-08,Daniil Tkachev,1,5,5,0,0,0,STRP-135 PaymentComponent -> PaymentBase namespace refactoring
stripe-wallet,25556828911,526,1,Development,.github/workflows/development.yml,push,success,2026-05-08T12:57:43Z,638,b-7.4.x-payment-base-STRP-135,dantweb,2644ff5f5253,1,2026-05-08,Daniil Tkachev,2,7,7,0,0,0,STRP-135 PaymentComponent -> PaymentBase namespace refactoring
stripe-wallet,25563294689,527,1,Development,.github/workflows/development.yml,push,success,2026-05-08T15:11:20Z,654,b-7.4.x-payment-base-STRP-135,dantweb,1f183d1a3380,1,2026-05-08,Daniil Tkachev,1,203,194,0,0,0,STRP-135 PaymentComponent -> PaymentBase namespace refactoring
stripe-wallet,25574829708,528,1,Development,.github/workflows/development.yml,push,success,2026-05-08T19:19:21Z,646,b-7.4.x-payment-base-STRP-135,dantweb,7b3249ebb5f0,1,2026-05-08,Daniil Tkachev,1,76,67,0,0,0,STRP-135 PaymentComponent -> PaymentBase namespace refactoring
stripe-wallet,25795594431,529,1,Development,.github/workflows/development.yml,push,success,2026-05-13T11:14:49Z,650,b-7.4.x-payment-base-STRP-135,dantweb,7213f43123e5,1,2026-05-13,Daniil Tkachev,51,15510,1,0,1,0,STRP-135 Add docs
stripe-wallet,25928020487,530,1,Development,.github/workflows/development.yml,push,failure,2026-05-15T16:05:58Z,132,b-7.4.x-payment-base-STRP-135,dantweb,0f4e4d2de0fd,1,2026-05-15,Daniil Tkachev,18,263,39,138,107,0,external refund requests
stripe-wallet,26020467100,44,2,Playwright E2E,.github/workflows/playwright-ci.yml,push,failure,2026-05-18T07:48:00Z,16,b-7.4.x,dantweb,0f4e4d2de0fd,1,2026-05-15,Daniil Tkachev,18,263,39,138,107,0,external refund requests
stripe-wallet,26020467099,531,1,Development,.github/workflows/development.yml,push,failure,2026-05-18T07:48:00Z,125,b-7.4.x,dantweb,0f4e4d2de0fd,1,2026-05-15,Daniil Tkachev,18,263,39,138,107,0,external refund requests
stripe-wallet,26020934469,45,1,Playwright E2E,.github/workflows/playwright-ci.yml,push,failure,2026-05-18T07:58:48Z,12,b-7.4.x,dantweb,8854893ab00c,1,2026-05-18,Daniil Tkachev,2,216,0,76,140,1,STRP-AUTOCAP-REFUND: add missing StripePaymentCaptureStatusQuery class
stripe-wallet,26020934415,532,1,Development,.github/workflows/development.yml,push,success,2026-05-18T07:58:48Z,679,b-7.4.x,dantweb,8854893ab00c,1,2026-05-18,Daniil Tkachev,2,216,0,76,140,1,STRP-AUTOCAP-REFUND: add missing StripePaymentCaptureStatusQuery class
stripe-wallet,26033503665,533,1,Development,.github/workflows/development.yml,push,success,2026-05-18T12:28:59Z,674,b-7.4.x-partial-refund-STRP-131,dantweb,67661fb516c7,1,2026-05-18,Daniil Tkachev,11,1360,15,177,472,0,STRP-131 Partial refund fix
stripe-wallet,26034499216,46,1,Playwright E2E,.github/workflows/playwright-ci.yml,push,failure,2026-05-18T12:48:57Z,14,b-7.4.x,dantweb,67661fb516c7,1,2026-05-18,Daniil Tkachev,11,1360,15,177,472,0,STRP-131 Partial refund fix
stripe-wallet,26034499189,534,1,Development,.github/workflows/development.yml,push,success,2026-05-18T12:48:57Z,694,b-7.4.x,dantweb,67661fb516c7,1,2026-05-18,Daniil Tkachev,11,1360,15,177,472,0,STRP-131 Partial refund fix
stripe-wallet,26043909896,535,1,Development,.github/workflows/development.yml,push,failure,2026-05-18T15:41:11Z,667,b-7.4.x-slow-loading-STRP-134,dantweb,208d5bbc5b09,1,2026-05-18,Daniil Tkachev,13,2460,16,65,240,0,STRP-134 Slow loading on Payment tab
stripe-wallet,26091389105,47,1,Playwright E2E,.github/workflows/playwright-ci.yml,push,failure,2026-05-19T10:27:14Z,15,b-7.4.x,dantweb,208d5bbc5b09,1,2026-05-18,Daniil Tkachev,13,2460,16,65,240,0,STRP-134 Slow loading on Payment tab
stripe-wallet,26091389038,536,1,Development,.github/workflows/development.yml,push,failure,2026-05-19T10:27:14Z,692,b-7.4.x,dantweb,208d5bbc5b09,1,2026-05-18,Daniil Tkachev,13,2460,16,65,240,0,STRP-134 Slow loading on Payment tab
stripe-wallet,26106489184,537,1,Development,.github/workflows/development.yml,push,failure,2026-05-19T15:14:10Z,780,b-7.4.x-agnosticism,dantweb,8aab85dc8a71,0,,,,,,,,,
stripe-wallet,26153027630,538,1,Development,.github/workflows/development.yml,push,failure,2026-05-20T09:12:35Z,1308,b-7.4.x,dantweb,aec97ce3740a,1,2026-05-20,Daniil Tkachev,1,2,0,0,0,0,STRP-142 Add dependancies.yaml
stripe-wallet,26153027624,48,1,Playwright E2E,.github/workflows/playwright-ci.yml,push,failure,2026-05-20T09:12:35Z,46,b-7.4.x,dantweb,aec97ce3740a,1,2026-05-20,Daniil Tkachev,1,2,0,0,0,0,STRP-142 Add dependancies.yaml
payment-base,26159705351,1,1,Development,.github/workflows/development.yml,push,failure,2026-05-20T11:31:00Z,390,b-7.4.x,dantweb,085362bcbdb4,1,2026-05-19,Daniil Tkachev,7,1220,1,0,124,0,STRP-134 Loading spinner and blur layer on the Payment tab
stripe-wallet,26209790612,49,2,Playwright E2E,.github/workflows/playwright-ci.yml,push,failure,2026-05-21T06:36:48Z,14,b-7.4.x,dantweb,8a5085d48c9b,1,2026-05-19,Daniil Tkachev,2,8,60,0,1,0,STRP-134 Loading spinner and blur layer on the Payment tab
stripe-wallet,26209790610,539,1,Development,.github/workflows/development.yml,push,failure,2026-05-21T06:36:48Z,120,b-7.4.x,dantweb,8a5085d48c9b,1,2026-05-19,Daniil Tkachev,2,8,60,0,1,0,STRP-134 Loading spinner and blur layer on the Payment tab
payment-base,26213006696,2,1,Development,.github/workflows/development.yml,push,success,2026-05-21T07:51:44Z,306,b-7.4.x-fix-tests,dantweb,4a4e20897ba2,1,2026-05-21,Daniil Tkachev,2,162,30,30,132,0,fixing integration_tests
payment-base,26213310492,3,1,Development,.github/workflows/development.yml,push,success,2026-05-21T07:58:27Z,315,b-7.4.x,dantweb,4a4e20897ba2,1,2026-05-21,Daniil Tkachev,2,162,30,30,132,0,fixing integration_tests
stripe-wallet,26215958954,540,2,Development,.github/workflows/development.yml,push,failure,2026-05-21T08:54:32Z,673,b-7.4.x-fixing-ci,dantweb,de398567712a,1,2026-05-21,Daniil Tkachev,8,695,7,0,1,0,fixing ci
stripe-wallet,26219469108,541,1,Development,.github/workflows/development.yml,push,success,2026-05-21T10:06:58Z,671,b-7.4.x-fixing-ci,dantweb,25058041d85b,1,2026-05-21,Daniil Tkachev,2,57,2,2,0,0,fixing ci
stripe-wallet,26219742570,542,1,Development,.github/workflows/development.yml,push,success,2026-05-21T10:12:59Z,684,b-7.4.x-fixing-ci,dantweb,3feb4d8df575,1,2026-05-21,Daniil Tkachev,1,23,6,0,0,0,fixing installation
stripe-wallet,26220774633,50,1,Playwright E2E,.github/workflows/playwright-ci.yml,push,failure,2026-05-21T10:35:41Z,14,b-7.4.x,dantweb,3feb4d8df575,1,2026-05-21,Daniil Tkachev,1,23,6,0,0,0,fixing installation
stripe-wallet,26220774596,543,1,Development,.github/workflows/development.yml,push,success,2026-05-21T10:35:41Z,656,b-7.4.x,dantweb,3feb4d8df575,1,2026-05-21,Daniil Tkachev,1,23,6,0,0,0,fixing installation
stripe-wallet,26280222438,544,1,Development,.github/workflows/development.yml,push,success,2026-05-22T09:36:23Z,665,b-7.4.x-webhook-STRP-144,dantweb,ce96dc86085b,0,,,,,,,,,
stripe-wallet,26295637626,545,1,Development,.github/workflows/development.yml,push,success,2026-05-22T15:06:57Z,701,b-7.4.x-webhook-STRP-144,dantweb,84111b77a7fb,0,,,,,,,,,
stripe-wallet,26300133014,546,1,Development,.github/workflows/development.yml,push,success,2026-05-22T16:39:41Z,695,b-7.4.x-webhook-STRP-144,dantweb,537cfa381933,0,,,,,,,,,
stripe-wallet,26442767938,547,1,Development,.github/workflows/development.yml,push,success,2026-05-26T09:00:31Z,702,b-7.4.x-webhook-STRP-144,dantweb,3a50c1c6a20d,1,2026-05-22,Daniil Tkachev,61,5431,1255,1184,1706,0,STRP-144 Webhook registration
payment-base,26443762416,4,1,Development,.github/workflows/development.yml,push,success,2026-05-26T09:21:42Z,357,b-7.4.x,dantweb,6d6223a905dc,1,2026-05-26,Daniil Tkachev,11,63,63,0,0,0,docs update
stripe-wallet,26443830806,548,1,Development,.github/workflows/development.yml,push,success,2026-05-26T09:23:06Z,763,b-7.4.x,dantweb,3a50c1c6a20d,1,2026-05-22,Daniil Tkachev,61,5431,1255,1184,1706,0,STRP-144 Webhook registration
stripe-wallet,26443830805,51,1,Playwright E2E,.github/workflows/playwright-ci.yml,push,failure,2026-05-26T09:23:06Z,16,b-7.4.x,dantweb,3a50c1c6a20d,1,2026-05-22,Daniil Tkachev,61,5431,1255,1184,1706,0,STRP-144 Webhook registration
stripe-wallet,26454402349,549,1,Development,.github/workflows/development.yml,push,success,2026-05-26T14:27:11Z,695,b-7.4.x-hiding-key-STRP-146,dantweb,2ee1976e14d8,1,2026-05-26,Daniil Tkachev,7,751,25,0,0,0,STRP-146 Hidable API keys in admin module config
stripe-wallet,26458726869,550,1,Development,.github/workflows/development.yml,push,success,2026-05-26T15:41:55Z,689,b-7.4.x,dantweb,43f74ff24795,1,2026-05-26,Daniil Tkachev,9,810,40,0,1,0,STRP-146 Hidable API keys in admin module config
stripe-wallet,26458726868,52,1,Playwright E2E,.github/workflows/playwright-ci.yml,push,failure,2026-05-26T15:41:55Z,15,b-7.4.x,dantweb,43f74ff24795,1,2026-05-26,Daniil Tkachev,9,810,40,0,1,0,STRP-146 Hidable API keys in admin module config
stripe-wallet,26500080291,551,1,Development,.github/workflows/development.yml,push,success,2026-05-27T08:29:38Z,672,b-7.4.x,dantweb,691abfd13cf6,1,2026-05-27,dantweb,1,1,1,0,1,1,Update playwright submodule to current projects/Stripe tip
stripe-wallet,26500080262,53,1,Playwright E2E,.github/workflows/playwright-ci.yml,push,failure,2026-05-27T08:29:38Z,14,b-7.4.x,dantweb,691abfd13cf6,1,2026-05-27,dantweb,1,1,1,0,1,1,Update playwright submodule to current projects/Stripe tip
stripe-wallet,26559270459,552,1,Development,.github/workflows/development.yml,push,failure,2026-05-28T06:44:38Z,1218,b-7.4.x-code-review-STRP-145,dantweb,dda2cb746c2e,1,2026-05-27,Daniil Tkachev,1,135,0,0,0,1,STRP-145 Sprint 114.9 (report): completion report for config & session helper consolidation — refs code-review 114
stripe-wallet,26574432894,553,1,Development,.github/workflows/development.yml,push,failure,2026-05-28T12:23:50Z,470,b-7.4.x-code-review-STRP-145,dantweb,7e61474737d1,0,,,,,,,,,
payment-base,26574797264,5,1,Development,.github/workflows/development.yml,push,success,2026-05-28T12:31:23Z,375,b-7.4.x-codereview-STRP-145,dantweb,d8709e981f1f,1,2026-05-28,Daniil Tkachev,4,68,0,12,56,1,STRP-145 Sprint 114.10a (currency-DTO): add optional currency to Capture/RefundPaymentRequest (additive)
payment-base,26575294823,6,1,Development,.github/workflows/development.yml,push,success,2026-05-28T12:41:41Z,319,b-7.4.x,dantweb,d8709e981f1f,1,2026-05-28,Daniil Tkachev,4,68,0,12,56,1,STRP-145 Sprint 114.10a (currency-DTO): add optional currency to Capture/RefundPaymentRequest (additive)
stripe-wallet,26575406757,554,1,Development,.github/workflows/development.yml,push,failure,2026-05-28T12:43:53Z,420,b-7.4.x-code-review-STRP-145,dantweb,9fd1df2c2bad,0,,,,,,,,,
stripe-wallet,26580509425,555,1,Development,.github/workflows/development.yml,push,success,2026-05-28T14:19:31Z,615,b-7.4.x-code-review-STRP-145,dantweb,841f379fc165,0,,,,,,,,,
stripe-wallet,26582540200,556,1,Development,.github/workflows/development.yml,push,success,2026-05-28T14:54:42Z,440,b-7.4.x,dantweb,1ff2960c5671,1,2026-05-28,Daniil Tkachev,22,643,3,0,0,0,STRP-145 fix CI styles: remove blank line before class closing brace
stripe-wallet,26582539906,54,1,Playwright E2E,.github/workflows/playwright-ci.yml,push,cancelled,2026-05-28T14:54:42Z,18,b-7.4.x,dantweb,1ff2960c5671,1,2026-05-28,Daniil Tkachev,22,643,3,0,0,0,STRP-145 fix CI styles: remove blank line before class closing brace
stripe-wallet,26627855262,557,1,Development,.github/workflows/development.yml,push,success,2026-05-29T08:51:16Z,416,b-7.4.x-code-review-STRP-145,dantweb,1ff2960c5671,1,2026-05-28,Daniil Tkachev,22,643,3,0,0,0,STRP-145 fix CI styles: remove blank line before class closing brace
stripe-wallet,26627875873,558,1,Development,.github/workflows/development.yml,push,success,2026-05-29T08:51:44Z,412,b-7.4.x-code-review-STRP-145,dantweb,12cb786a5264,1,2026-05-29,Daniil Tkachev,3,12,1,0,0,0,STRP-145 Code review
stripe-wallet,26628414951,55,1,Playwright E2E,.github/workflows/playwright-ci.yml,push,failure,2026-05-29T09:03:47Z,13,b-7.4.x,dantweb,12cb786a5264,1,2026-05-29,Daniil Tkachev,3,12,1,0,0,0,STRP-145 Code review
stripe-wallet,26628414931,559,1,Development,.github/workflows/development.yml,push,failure,2026-05-29T09:03:47Z,445,b-7.4.x,dantweb,12cb786a5264,1,2026-05-29,Daniil Tkachev,3,12,1,0,0,0,STRP-145 Code review
payment-base,26651315875,7,1,Development,.github/workflows/development.yml,push,success,2026-05-29T17:12:30Z,348,b-7.4.x-user-data-filtr-STRP-129,dantweb,98d5d37f6ead,1,2026-05-29,Daniil Tkachev,54,3523,1,1842,1565,0,STRP-129 Add user input abstract validation mechanism
stripe-wallet,26651371920,560,1,Development,.github/workflows/development.yml,push,failure,2026-05-29T17:13:41Z,134,b-7.4.x-user-data-filter-STRP-129,dantweb,e0712fde3549,0,,,,,,,,,
stripe-wallet,26652095087,561,1,Development,.github/workflows/development.yml,push,failure,2026-05-29T17:29:02Z,123,b-7.4.x-user-data-filter-STRP-129,dantweb,ca95117a2e97,0,,,,,,,,,
payment-base,26746453058,8,1,Development,.github/workflows/development.yml,push,success,2026-06-01T09:24:31Z,380,b-7.4.x,dantweb,98d5d37f6ead,1,2026-05-29,Daniil Tkachev,54,3523,1,1842,1565,0,STRP-129 Add user input abstract validation mechanism
stripe-wallet,26746483921,562,1,Development,.github/workflows/development.yml,push,success,2026-06-01T09:25:11Z,442,b-7.4.x-user-data-filter-STRP-129,dantweb,b9f9f03fea6b,0,,,,,,,,,
stripe-wallet,26761752915,563,1,Development,.github/workflows/development.yml,push,success,2026-06-01T14:37:21Z,434,b-7.4.x-user-data-filter-STRP-129,dantweb,85d055aa4b52,0,,,,,,,,,
stripe-wallet,26804212130,564,1,Development,.github/workflows/development.yml,push,success,2026-06-02T07:06:56Z,757,b-7.4.x-user-data-filter-STRP-129,dantweb,1273f81a475a,0,,,,,,,,,
stripe-wallet,26817102852,565,1,Development,.github/workflows/development.yml,push,success,2026-06-02T11:35:44Z,413,b-7.4.x-user-data-filter-STRP-129,dantweb,5dd3a4609557,0,,,,,,,,,
payment-base,26823564490,9,1,Development,.github/workflows/development.yml,push,success,2026-06-02T13:39:42Z,318,b-7.4.x,dantweb,361d9bc189c4,1,2026-06-02,Daniil Tkachev,46,131,43,110,6,0,clean up classes
payment-base,26826876333,10,1,Development,.github/workflows/development.yml,push,success,2026-06-02T14:35:31Z,338,b-7.4.x,dantweb,8fcf26ff26f6,1,2026-06-02,Daniil Tkachev,2,286,0,0,0,0,add docs: validation system
stripe-wallet,26826910900,566,1,Development,.github/workflows/development.yml,push,success,2026-06-02T14:36:05Z,426,b-7.4.x-user-data-filter-STRP-129,dantweb,53f37d815a7a,0,,,,,,,,,
stripe-wallet,26827642955,56,1,Playwright E2E,.github/workflows/playwright-ci.yml,push,failure,2026-06-02T14:48:07Z,16,b-7.4.x,dantweb,13b81edf17a7,1,2026-05-29,Daniil Tkachev,131,4424,146,956,1202,0,STRP-129 Add user input abstract validation mechanism
stripe-wallet,26827642673,567,1,Development,.github/workflows/development.yml,push,success,2026-06-02T14:48:07Z,415,b-7.4.x,dantweb,13b81edf17a7,1,2026-05-29,Daniil Tkachev,131,4424,146,956,1202,0,STRP-129 Add user input abstract validation mechanism
stripe-wallet,26887121618,57,1,Playwright E2E,.github/workflows/playwright-ci.yml,push,failure,2026-06-03T13:13:38Z,15,b-7.4.x,dantweb,a4165cbe4d10,1,2026-06-03,Daniil Tkachev,4,54,8,33,0,0,STRP-129 Add user input abstract validation mechanism
stripe-wallet,26887122925,568,1,Development,.github/workflows/development.yml,push,success,2026-06-03T13:13:39Z,391,b-7.4.x,dantweb,a4165cbe4d10,1,2026-06-03,Daniil Tkachev,4,54,8,33,0,0,STRP-129 Add user input abstract validation mechanism
stripe-wallet,26890801789,569,1,Development,.github/workflows/development.yml,push,success,2026-06-03T14:17:27Z,427,b-7.4.x,dantweb,a19aac081211,1,2026-06-03,Daniil Tkachev,1,0,3,0,0,0,playwright runs on manual only
stripe-wallet,27021495848,570,1,Development,.github/workflows/development.yml,push,success,2026-06-05T14:41:28Z,408,b-7.4.x-STRP-129-capture-reason,dantweb,fff238fab756,0,,,,,,,,,
stripe-wallet,27021554418,571,1,Development,.github/workflows/development.yml,push,success,2026-06-05T14:42:33Z,420,b-7.4.x-STRP-129-admin-amounts,dantweb,b780e10b244e,0,,,,,,,,,
stripe-wallet,27022369992,572,1,Development,.github/workflows/development.yml,push,success,2026-06-05T14:57:46Z,437,b-7.4.x-STRP-129-admin-amounts,dantweb,1a6cc156da2e,1,2026-06-05,Daniil Tkachev,30,2825,31,518,1299,0,STRP-129 Add user input abstract validation mechanism
stripe-wallet,27022403173,573,1,Development,.github/workflows/development.yml,push,success,2026-06-05T14:58:24Z,418,b-7.4.x,dantweb,1a6cc156da2e,1,2026-06-05,Daniil Tkachev,30,2825,31,518,1299,0,STRP-129 Add user input abstract validation mechanism
payment-base,27130188424,12,1,Development,.github/workflows/development.yml,push,success,2026-06-08T10:01:39Z,340,v1.0.0-rc1,dantweb,57736fd61e68,1,2026-06-08,Daniil Tkachev,1,9,0,0,0,0,RC-1 release
payment-base,27130187784,11,1,Development,.github/workflows/development.yml,push,success,2026-06-08T10:01:39Z,329,b-7.4.x,dantweb,57736fd61e68,1,2026-06-08,Daniil Tkachev,1,9,0,0,0,0,RC-1 release
stripe-wallet,27132660836,574,1,Development,.github/workflows/development.yml,push,success,2026-06-08T10:50:40Z,417,b-7.4.x,dantweb,8292dc3d2190,1,2026-06-08,Daniil Tkachev,1,6,5,0,0,0,emit an event with validation errors
stripe-wallet,27135346925,575,1,Development,.github/workflows/development.yml,push,success,2026-06-08T11:44:49Z,432,b-7.4.x,dantweb,fcfed0edc03f,1,2026-06-08,Daniil Tkachev,10,476,15,0,1,0,STRP-138-139 Place order button
stripe-wallet,27144064175,576,1,Development,.github/workflows/development.yml,push,success,2026-06-08T14:18:54Z,425,b-7.4.x,dantweb,9a2c0029270a,1,2026-06-08,Daniil Tkachev,1,21,3,0,0,0,external playwright CI run on trigger
stripe-wallet,27144103820,58,1,Playwright E2E,.github/workflows/playwright-ci.yml,workflow_dispatch,failure,2026-06-08T14:19:34Z,38,b-7.4.x,dantweb,9a2c0029270a,1,2026-06-08,Daniil Tkachev,1,21,3,0,0,0,external playwright CI run on trigger
stripe-wallet,27144735205,577,1,Development,.github/workflows/development.yml,push,success,2026-06-08T14:29:53Z,418,b-7.4.x,dantweb,02a8bf48ae62,1,2026-06-08,Daniil Tkachev,1,10,1,0,0,0,external playwright CI run on trigger
stripe-wallet,27144762664,59,1,Playwright E2E,.github/workflows/playwright-ci.yml,workflow_dispatch,failure,2026-06-08T14:30:19Z,1267,b-7.4.x,dantweb,02a8bf48ae62,1,2026-06-08,Daniil Tkachev,1,10,1,0,0,0,external playwright CI run on trigger
stripe-wallet,27149020420,60,1,Playwright E2E,.github/workflows/playwright-ci.yml,workflow_dispatch,cancelled,2026-06-08T15:39:34Z,1011,b-7.4.x,dantweb,02a8bf48ae62,1,2026-06-08,Daniil Tkachev,1,10,1,0,0,0,external playwright CI run on trigger
stripe-wallet,27202094537,578,1,Development,.github/workflows/development.yml,push,success,2026-06-09T11:09:39Z,433,b-7.4.x-locust-test,dantweb,dd021485dc33,1,2026-06-09,Daniil Tkachev,17,1857,0,0,1586,0,Add locust load tests
stripe-wallet,27202424625,579,1,Development,.github/workflows/development.yml,push,success,2026-06-09T11:15:59Z,423,b-7.4.x,dantweb,dd021485dc33,1,2026-06-09,Daniil Tkachev,17,1857,0,0,1586,0,Add locust load tests
stripe-wallet,27202426680,1,1,Graph Update: pip in /tests/load/locust #1404781122,dynamic/dependabot/update-graph,dynamic,success,2026-06-09T11:16:02Z,60,b-7.4.x,dependabot[bot],dd021485dc33,1,2026-06-09,Daniil Tkachev,17,1857,0,0,1586,0,Add locust load tests
stripe-wallet,27202494241,1,1,Load Test (Locust),.github/workflows/load-test-locust.yml,workflow_dispatch,cancelled,2026-06-09T11:17:21Z,159,b-7.4.x,dantweb,dd021485dc33,1,2026-06-09,Daniil Tkachev,17,1857,0,0,1586,0,Add locust load tests
stripe-wallet,27202664797,2,1,Load Test (Locust),.github/workflows/load-test-locust.yml,workflow_dispatch,failure,2026-06-09T11:20:42Z,20,b-7.4.x,dantweb,dd021485dc33,1,2026-06-09,Daniil Tkachev,17,1857,0,0,1586,0,Add locust load tests
stripe-wallet,27203422869,580,1,Development,.github/workflows/development.yml,push,success,2026-06-09T11:35:52Z,403,b-7.4.x-locust-tests,dantweb,a1c85a41bcdd,1,2026-06-09,Daniil Tkachev,1,39,30,0,0,0,Add locust load tests
stripe-wallet,27203444332,3,1,Load Test (Locust),.github/workflows/load-test-locust.yml,workflow_dispatch,failure,2026-06-09T11:36:18Z,18,b-7.4.x,dantweb,dd021485dc33,1,2026-06-09,Daniil Tkachev,17,1857,0,0,1586,0,Add locust load tests
stripe-wallet,27203489019,4,1,Load Test (Locust),.github/workflows/load-test-locust.yml,workflow_dispatch,failure,2026-06-09T11:37:13Z,24,b-7.4.x,dantweb,dd021485dc33,1,2026-06-09,Daniil Tkachev,17,1857,0,0,1586,0,Add locust load tests
stripe-wallet,27204823765,5,1,Load Test (Locust),.github/workflows/load-test-locust.yml,workflow_dispatch,failure,2026-06-09T12:03:43Z,23,b-7.4.x,dantweb,dd021485dc33,1,2026-06-09,Daniil Tkachev,17,1857,0,0,1586,0,Add locust load tests
stripe-wallet,27205042814,581,1,Development,.github/workflows/development.yml,push,success,2026-06-09T12:07:57Z,500,b-7.4.x-locust-tests,dantweb,40ca5041bcc0,1,2026-06-09,Daniil Tkachev,1,3,1,0,3,1,Fix Locust browse scenario firing zero requests
stripe-wallet,27205149471,582,1,Development,.github/workflows/development.yml,push,success,2026-06-09T12:10:02Z,475,fix/opc-47-stripe-footer-forward-consents,sosenx,b1e5a17cdbd3,1,2026-06-09,Bartosz Sosnowski,1,1,1,0,0,1,chore(metadata): bump module version to 3.0.1
stripe-wallet,27205357016,6,1,Load Test (Locust),.github/workflows/load-test-locust.yml,workflow_dispatch,failure,2026-06-09T12:14:04Z,24,b-7.4.x,dantweb,dd021485dc33,1,2026-06-09,Daniil Tkachev,17,1857,0,0,1586,0,Add locust load tests
stripe-wallet,27205423198,583,1,Development,.github/workflows/development.yml,push,success,2026-06-09T12:15:19Z,462,b-7.4.x,dantweb,40ca5041bcc0,1,2026-06-09,Daniil Tkachev,1,3,1,0,3,1,Fix Locust browse scenario firing zero requests
stripe-wallet,27205494611,7,1,Load Test (Locust),.github/workflows/load-test-locust.yml,workflow_dispatch,failure,2026-06-09T12:16:42Z,24,b-7.4.x,dantweb,40ca5041bcc0,1,2026-06-09,Daniil Tkachev,1,3,1,0,3,1,Fix Locust browse scenario firing zero requests
stripe-wallet,27205546325,8,1,Load Test (Locust),.github/workflows/load-test-locust.yml,workflow_dispatch,failure,2026-06-09T12:17:43Z,26,b-7.4.x,dantweb,40ca5041bcc0,1,2026-06-09,Daniil Tkachev,1,3,1,0,3,1,Fix Locust browse scenario firing zero requests
stripe-wallet,27205820137,584,1,Development,.github/workflows/development.yml,push,success,2026-06-09T12:22:59Z,469,b-7.4.x,dantweb,ddc522327061,1,2026-06-09,Daniil Tkachev,1,25,0,0,0,1,Ensure shop php container is up before load-test checks
stripe-wallet,27205859079,9,1,Load Test (Locust),.github/workflows/load-test-locust.yml,workflow_dispatch,cancelled,2026-06-09T12:23:43Z,74,b-7.4.x,dantweb,ddc522327061,1,2026-06-09,Daniil Tkachev,1,25,0,0,0,1,Ensure shop php container is up before load-test checks
stripe-wallet,27205953062,10,1,Load Test (Locust),.github/workflows/load-test-locust.yml,workflow_dispatch,failure,2026-06-09T12:25:27Z,25,b-7.4.x,dantweb,ddc522327061,1,2026-06-09,Daniil Tkachev,1,25,0,0,0,1,Ensure shop php container is up before load-test checks
stripe-wallet,27206358262,585,1,Development,.github/workflows/development.yml,push,success,2026-06-09T12:33:04Z,430,b-7.4.x,sosenx,3f92304f031d,1,2026-06-09,Bartosz Sosnowski,1,1,1,0,0,1,chore(metadata): bump module version to 3.0.1
stripe-wallet,27206381272,586,1,Development,.github/workflows/development.yml,push,success,2026-06-09T12:33:29Z,412,v3.0.1,sosenx,3f92304f031d,1,2026-06-09,Bartosz Sosnowski,1,1,1,0,0,1,chore(metadata): bump module version to 3.0.1
stripe-wallet,27206562605,587,1,Development,.github/workflows/development.yml,push,success,2026-06-09T12:36:49Z,439,b-7.4.x,dantweb,18184926f7ff,1,2026-06-09,Daniil Tkachev,2,237,138,0,14,1,Refactor Locust load test to run against an in-Action shop
stripe-wallet,27206564069,588,1,Development,.github/workflows/development.yml,push,success,2026-06-09T12:36:50Z,438,b-7.4.x-locust-tests,dantweb,18184926f7ff,1,2026-06-09,Daniil Tkachev,2,237,138,0,14,1,Refactor Locust load test to run against an in-Action shop
stripe-wallet,27206654106,11,1,Load Test (Locust),.github/workflows/load-test-locust.yml,workflow_dispatch,failure,2026-06-09T12:38:33Z,146,b-7.4.x,dantweb,18184926f7ff,1,2026-06-09,Daniil Tkachev,2,237,138,0,14,1,Refactor Locust load test to run against an in-Action shop
stripe-wallet,27206961090,589,1,Development,.github/workflows/development.yml,push,success,2026-06-09T12:44:16Z,457,b-7.4.x,dantweb,58daa17ab580,1,2026-06-09,Daniil Tkachev,1,24,10,0,0,1,Make Stripe test-mode config self-reporting and non-fatal
stripe-wallet,27206977858,12,1,Load Test (Locust),.github/workflows/load-test-locust.yml,workflow_dispatch,failure,2026-06-09T12:44:34Z,242,b-7.4.x,dantweb,58daa17ab580,1,2026-06-09,Daniil Tkachev,1,24,10,0,0,1,Make Stripe test-mode config self-reporting and non-fatal
stripe-wallet,27208052644,590,1,Development,.github/workflows/development.yml,push,success,2026-06-09T13:03:50Z,446,b-7.4.x,dantweb,8635f2a7d390,1,2026-06-09,Daniil Tkachev,1,5,3,0,0,1,Fix ModuleSettingBridge namespace + follow SEO redirect in reachability check
stripe-wallet,27208068421,13,1,Load Test (Locust),.github/workflows/load-test-locust.yml,workflow_dispatch,failure,2026-06-09T13:04:07Z,163,b-7.4.x,dantweb,8635f2a7d390,1,2026-06-09,Daniil Tkachev,1,5,3,0,0,1,Fix ModuleSettingBridge namespace + follow SEO redirect in reachability check
stripe-wallet,27208381534,591,1,Development,.github/workflows/development.yml,push,success,2026-06-09T13:09:31Z,417,b-7.4.x,dantweb,bb37f8a0ebd6,1,2026-06-09,Daniil Tkachev,1,1,0,0,0,1,Point setup-python pip cache at requirements-chart.txt
stripe-wallet,27208405117,14,1,Load Test (Locust),.github/workflows/load-test-locust.yml,workflow_dispatch,failure,2026-06-09T13:09:56Z,340,b-7.4.x,dantweb,bb37f8a0ebd6,1,2026-06-09,Daniil Tkachev,1,1,0,0,0,1,Point setup-python pip cache at requirements-chart.txt
stripe-wallet,27209278199,592,1,Development,.github/workflows/development.yml,push,success,2026-06-09T13:24:45Z,400,b-7.4.x,dantweb,89b4b421284a,1,2026-06-09,Daniil Tkachev,2,16,1,0,3,1,Stop gating on throughput floor; seed a real product anid for discovery
stripe-wallet,27209376042,15,1,Load Test (Locust),.github/workflows/load-test-locust.yml,workflow_dispatch,success,2026-06-09T13:26:20Z,240,b-7.4.x,dantweb,89b4b421284a,1,2026-06-09,Daniil Tkachev,2,16,1,0,3,1,Stop gating on throughput floor; seed a real product anid for discovery
stripe-wallet,27210148717,16,1,Load Test (Locust),.github/workflows/load-test-locust.yml,workflow_dispatch,failure,2026-06-09T13:39:05Z,514,b-7.4.x,dantweb,89b4b421284a,1,2026-06-09,Daniil Tkachev,2,16,1,0,3,1,Stop gating on throughput floor; seed a real product anid for discovery
stripe-wallet,27270612348,593,1,Development,.github/workflows/development.yml,push,success,2026-06-10T10:40:35Z,402,b-7.4.x,dantweb,5def23d24e6c,1,2026-06-10,Daniil Tkachev,1,46,28,0,0,0,update CI
stripe-wallet,27270659137,61,1,Playwright E2E,.github/workflows/playwright-ci.yml,workflow_dispatch,cancelled,2026-06-10T10:41:32Z,720,b-7.4.x,dantweb,5def23d24e6c,1,2026-06-10,Daniil Tkachev,1,46,28,0,0,0,update CI
stripe-wallet,27271167030,594,1,Development,.github/workflows/development.yml,push,success,2026-06-10T10:51:33Z,394,b-7.4.x,dantweb,34da98f36e23,1,2026-06-10,Daniil Tkachev,2,65,14,0,1,0,update CI locust
stripe-wallet,27271350284,17,1,Load Test (Locust),.github/workflows/load-test-locust.yml,workflow_dispatch,failure,2026-06-10T10:55:08Z,358,b-7.4.x,dantweb,34da98f36e23,1,2026-06-10,Daniil Tkachev,2,65,14,0,1,0,update CI locust
stripe-wallet,27271382998,1,1,Load Test — Stripe Payment,.github/workflows/load-test.yml,workflow_dispatch,failure,2026-06-10T10:55:47Z,173,b-7.4.x,dantweb,34da98f36e23,1,2026-06-10,Daniil Tkachev,2,65,14,0,1,0,update CI locust
stripe-wallet,27271597462,595,1,Development,.github/workflows/development.yml,push,success,2026-06-10T11:00:02Z,438,b-7.4.x,dantweb,290f97957f22,1,2026-06-10,Daniil Tkachev,1,1,0,0,0,0,update CI playwright
stripe-wallet,27271694050,596,1,Development,.github/workflows/development.yml,push,success,2026-06-10T11:01:51Z,391,b-7.4.x-automatic-tests,dantweb,24175160668b,0,,,,,,,,,
stripe-wallet,27271936485,2,1,Load Test — Stripe Payment,.github/workflows/load-test.yml,workflow_dispatch,failure,2026-06-10T11:06:35Z,30,b-7.4.x,dantweb,290f97957f22,1,2026-06-10,Daniil Tkachev,1,1,0,0,0,0,update CI playwright
stripe-wallet,27272558252,18,1,Load Test (Locust),.github/workflows/load-test-locust.yml,workflow_dispatch,failure,2026-06-10T11:18:51Z,341,b-7.4.x,dantweb,290f97957f22,1,2026-06-10,Daniil Tkachev,1,1,0,0,0,0,update CI playwright
stripe-wallet,27272569495,3,1,Load Test — Stripe Payment,.github/workflows/load-test.yml,workflow_dispatch,failure,2026-06-10T11:19:03Z,164,b-7.4.x,dantweb,290f97957f22,1,2026-06-10,Daniil Tkachev,1,1,0,0,0,0,update CI playwright
stripe-wallet,27273033332,19,1,Load Test (Locust),.github/workflows/load-test-locust.yml,workflow_dispatch,failure,2026-06-10T11:28:07Z,234,b-7.4.x,dantweb,290f97957f22,1,2026-06-10,Daniil Tkachev,1,1,0,0,0,0,update CI playwright
stripe-wallet,27273502155,597,1,Development,.github/workflows/development.yml,push,success,2026-06-10T11:37:11Z,417,b-7.4.x,dantweb,883fb3414348,1,2026-06-10,Daniil Tkachev,2,49,26,0,0,0,locustests
stripe-wallet,27273607220,4,1,Load Test — Stripe Payment,.github/workflows/load-test.yml,workflow_dispatch,failure,2026-06-10T11:39:14Z,204,b-7.4.x,dantweb,883fb3414348,1,2026-06-10,Daniil Tkachev,2,49,26,0,0,0,locustests
stripe-wallet,27273740731,20,1,Load Test (Locust),.github/workflows/load-test-locust.yml,workflow_dispatch,failure,2026-06-10T11:41:51Z,363,b-7.4.x,dantweb,883fb3414348,1,2026-06-10,Daniil Tkachev,2,49,26,0,0,0,locustests
stripe-wallet,27273769510,62,1,Playwright E2E,.github/workflows/playwright-ci.yml,workflow_dispatch,failure,2026-06-10T11:42:25Z,7708,b-7.4.x,dantweb,883fb3414348,1,2026-06-10,Daniil Tkachev,2,49,26,0,0,0,locustests
stripe-wallet,27276976357,598,1,Development,.github/workflows/development.yml,push,success,2026-06-10T12:41:58Z,538,b-7.4.x,dantweb,45ab8cc6c083,1,2026-06-10,Daniil Tkachev,1,8,2,0,8,0,test CI
stripe-wallet,27283552551,599,1,Development,.github/workflows/development.yml,push,success,2026-06-10T14:30:49Z,410,b-7.4.x-validation-STRP-149,dantweb,7229dec06a5d,1,2026-06-10,Daniil Tkachev,2,26,6,10,16,0,STRP-149 Validation extended with unicode
stripe-wallet,27284658628,600,1,Development,.github/workflows/development.yml,push,success,2026-06-10T14:48:33Z,390,b-7.4.x,dantweb,7229dec06a5d,1,2026-06-10,Daniil Tkachev,2,26,6,10,16,0,STRP-149 Validation extended with unicode
stripe-wallet,27287048803,21,1,Load Test (Locust),.github/workflows/load-test-locust.yml,workflow_dispatch,failure,2026-06-10T15:28:40Z,367,b-7.4.x,dantweb,7229dec06a5d,1,2026-06-10,Daniil Tkachev,2,26,6,10,16,0,STRP-149 Validation extended with unicode
stripe-wallet,27294233862,601,1,Development,.github/workflows/development.yml,push,success,2026-06-10T17:35:19Z,404,b-7.4.x,dantweb,aefc04570ac4,1,2026-06-10,Daniil Tkachev,10,707,8,0,160,0,load tests
stripe-wallet,27294327899,22,1,Load Test (Locust),.github/workflows/load-test-locust.yml,workflow_dispatch,failure,2026-06-10T17:36:53Z,378,b-7.4.x,dantweb,aefc04570ac4,1,2026-06-10,Daniil Tkachev,10,707,8,0,160,0,load tests
stripe-wallet,27294518395,5,1,Load Test — Stripe Payment,.github/workflows/load-test.yml,workflow_dispatch,success,2026-06-10T17:40:07Z,95,b-7.4.x,dantweb,aefc04570ac4,1,2026-06-10,Daniil Tkachev,10,707,8,0,160,0,load tests
stripe-wallet,27294918624,23,1,Load Test (Locust),.github/workflows/load-test-locust.yml,workflow_dispatch,failure,2026-06-10T17:46:48Z,176,b-7.4.x,dantweb,aefc04570ac4,1,2026-06-10,Daniil Tkachev,10,707,8,0,160,0,load tests
stripe-wallet,27296083412,24,1,Load Test (Locust),.github/workflows/load-test-locust.yml,workflow_dispatch,failure,2026-06-10T18:06:09Z,243,b-7.4.x,dantweb,aefc04570ac4,1,2026-06-10,Daniil Tkachev,10,707,8,0,160,0,load tests
stripe-wallet,27296344752,602,1,Development,.github/workflows/development.yml,push,success,2026-06-10T18:10:39Z,402,b-7.4.x,dantweb,e759518c8341,1,2026-06-10,Daniil Tkachev,1,14,12,0,0,0,k6 tests
stripe-wallet,27403218778,25,1,Load Test (Locust),.github/workflows/load-test-locust.yml,workflow_dispatch,failure,2026-06-12T08:07:20Z,247,b-7.4.x,dantweb,e759518c8341,1,2026-06-10,Daniil Tkachev,1,14,12,0,0,0,k6 tests
stripe-wallet,27404647669,603,1,Development,.github/workflows/development.yml,push,success,2026-06-12T08:37:11Z,398,b-7.4.x,dantweb,72c11347b11f,1,2026-06-12,Daniil Tkachev,2,39,3,0,25,1,ci(load-test-locust): add OXID CE branch selector + order-execute coverage
stripe-wallet,27404735139,26,1,Load Test (Locust),.github/workflows/load-test-locust.yml,workflow_dispatch,failure,2026-06-12T08:39:02Z,373,b-7.4.x,dantweb,72c11347b11f,1,2026-06-12,Daniil Tkachev,2,39,3,0,25,1,ci(load-test-locust): add OXID CE branch selector + order-execute coverage
stripe-wallet,27404978708,604,1,Development,.github/workflows/development.yml,push,success,2026-06-12T08:44:00Z,465,b-7.4.x,dantweb,c1a02ffa277b,1,2026-06-12,Daniil Tkachev,1,1,1,0,0,0,k6 tests
stripe-wallet,27405130068,27,1,Load Test (Locust),.github/workflows/load-test-locust.yml,workflow_dispatch,failure,2026-06-12T08:47:04Z,113,b-7.4.x,dantweb,c1a02ffa277b,1,2026-06-12,Daniil Tkachev,1,1,1,0,0,0,k6 tests
stripe-wallet,27405217576,6,1,Load Test (k6 scenarios),.github/workflows/load-test.yml,workflow_dispatch,failure,2026-06-12T08:48:52Z,2094,b-7.4.x,dantweb,c1a02ffa277b,1,2026-06-12,Daniil Tkachev,1,1,1,0,0,0,k6 tests
stripe-wallet,27405343580,605,1,Development,.github/workflows/development.yml,push,success,2026-06-12T08:51:25Z,499,b-7.4.x,dantweb,c2d7c1fff855,1,2026-06-12,Daniil Tkachev,1,4,1,0,0,1,ci(load-test-locust): pin PHP 8.3 for b-7.5.x shop branch
stripe-wallet,27405411932,28,1,Load Test (Locust),.github/workflows/load-test-locust.yml,workflow_dispatch,failure,2026-06-12T08:52:47Z,453,b-7.4.x,dantweb,c2d7c1fff855,1,2026-06-12,Daniil Tkachev,1,4,1,0,0,1,ci(load-test-locust): pin PHP 8.3 for b-7.5.x shop branch
stripe-wallet,27405975605,29,1,Load Test (Locust),.github/workflows/load-test-locust.yml,workflow_dispatch,failure,2026-06-12T09:04:18Z,376,b-7.4.x,dantweb,c2d7c1fff855,1,2026-06-12,Daniil Tkachev,1,4,1,0,0,1,ci(load-test-locust): pin PHP 8.3 for b-7.5.x shop branch
stripe-wallet,27406008114,30,1,Load Test (Locust),.github/workflows/load-test-locust.yml,workflow_dispatch,failure,2026-06-12T09:04:57Z,798,b-7.4.x,dantweb,c2d7c1fff855,1,2026-06-12,Daniil Tkachev,1,4,1,0,0,1,ci(load-test-locust): pin PHP 8.3 for b-7.5.x shop branch
stripe-wallet,27407384435,31,1,Load Test (Locust),.github/workflows/load-test-locust.yml,workflow_dispatch,failure,2026-06-12T09:33:00Z,403,b-7.4.x,dantweb,c2d7c1fff855,1,2026-06-12,Daniil Tkachev,1,4,1,0,0,1,ci(load-test-locust): pin PHP 8.3 for b-7.5.x shop branch
stripe-wallet,27407703491,32,1,Load Test (Locust),.github/workflows/load-test-locust.yml,workflow_dispatch,failure,2026-06-12T09:39:26Z,425,b-7.4.x,dantweb,c2d7c1fff855,1,2026-06-12,Daniil Tkachev,1,4,1,0,0,1,ci(load-test-locust): pin PHP 8.3 for b-7.5.x shop branch
stripe-wallet,27407922743,33,1,Load Test (Locust),.github/workflows/load-test-locust.yml,workflow_dispatch,failure,2026-06-12T09:43:49Z,535,b-7.4.x,dantweb,c2d7c1fff855,1,2026-06-12,Daniil Tkachev,1,4,1,0,0,1,ci(load-test-locust): pin PHP 8.3 for b-7.5.x shop branch
stripe-wallet,27408345517,606,1,Development,.github/workflows/development.yml,push,success,2026-06-12T09:52:24Z,480,b-7.4.x,dantweb,eb3c243e2b97,1,2026-06-12,Daniil Tkachev,5,576,2,0,488,1,ci(load-test-k6): produce statistics + capacity charts like the Locust run
stripe-wallet,27408366162,1,1,Load Test (k6 scenarios),.github/workflows/load-test-k6.yml,workflow_dispatch,failure,2026-06-12T09:52:49Z,2687,b-7.4.x,dantweb,eb3c243e2b97,1,2026-06-12,Daniil Tkachev,5,576,2,0,488,1,ci(load-test-k6): produce statistics + capacity charts like the Locust run
stripe-wallet,27408532346,34,1,Load Test (Locust),.github/workflows/load-test-locust.yml,workflow_dispatch,failure,2026-06-12T09:56:14Z,511,b-7.4.x,dantweb,eb3c243e2b97,1,2026-06-12,Daniil Tkachev,5,576,2,0,488,1,ci(load-test-k6): produce statistics + capacity charts like the Locust run
stripe-wallet,27408627920,35,1,Load Test (Locust),.github/workflows/load-test-locust.yml,workflow_dispatch,failure,2026-06-12T09:58:14Z,781,b-7.4.x,dantweb,eb3c243e2b97,1,2026-06-12,Daniil Tkachev,5,576,2,0,488,1,ci(load-test-k6): produce statistics + capacity charts like the Locust run
stripe-wallet,27408970450,36,1,Load Test (Locust),.github/workflows/load-test-locust.yml,workflow_dispatch,failure,2026-06-12T10:05:11Z,733,b-7.4.x,dantweb,eb3c243e2b97,1,2026-06-12,Daniil Tkachev,5,576,2,0,488,1,ci(load-test-k6): produce statistics + capacity charts like the Locust run
stripe-wallet,27409202706,63,1,Playwright E2E,.github/workflows/playwright-ci.yml,workflow_dispatch,failure,2026-06-12T10:10:04Z,1988,b-7.4.x,dantweb,eb3c243e2b97,1,2026-06-12,Daniil Tkachev,5,576,2,0,488,1,ci(load-test-k6): produce statistics + capacity charts like the Locust run
stripe-wallet,27409883745,607,1,Development,.github/workflows/development.yml,push,success,2026-06-12T10:24:35Z,445,b-7.4.x,dantweb,e9ecb501d353,1,2026-06-12,Daniil Tkachev,3,3,3,0,0,0,load tests
stripe-wallet,27410163314,37,1,Load Test (Locust),.github/workflows/load-test-locust.yml,workflow_dispatch,failure,2026-06-12T10:30:34Z,362,b-7.4.x,dantweb,e9ecb501d353,1,2026-06-12,Daniil Tkachev,3,3,3,0,0,0,load tests
stripe-wallet,27410961304,38,1,Load Test (Locust),.github/workflows/load-test-locust.yml,workflow_dispatch,cancelled,2026-06-12T10:47:51Z,10,b-7.4.x,dantweb,e9ecb501d353,1,2026-06-12,Daniil Tkachev,3,3,3,0,0,0,load tests
stripe-wallet,27411008694,39,1,Load Test (Locust),.github/workflows/load-test-locust.yml,workflow_dispatch,failure,2026-06-12T10:48:53Z,320,b-7.4.x,dantweb,e9ecb501d353,1,2026-06-12,Daniil Tkachev,3,3,3,0,0,0,load tests
stripe-wallet,27411184484,2,1,Load Test (k6 scenarios),.github/workflows/load-test-k6.yml,workflow_dispatch,success,2026-06-12T10:52:46Z,537,b-7.4.x,dantweb,e9ecb501d353,1,2026-06-12,Daniil Tkachev,3,3,3,0,0,0,load tests
stripe-wallet,27411738270,40,1,Load Test (Locust),.github/workflows/load-test-locust.yml,workflow_dispatch,failure,2026-06-12T11:04:48Z,324,b-7.4.x,dantweb,e9ecb501d353,1,2026-06-12,Daniil Tkachev,3,3,3,0,0,0,load tests
stripe-wallet,27412194088,3,1,Load Test (k6 scenarios),.github/workflows/load-test-k6.yml,workflow_dispatch,cancelled,2026-06-12T11:14:49Z,5595,b-7.4.x,dantweb,e9ecb501d353,1,2026-06-12,Daniil Tkachev,3,3,3,0,0,0,load tests
stripe-wallet,27412260572,41,1,Load Test (Locust),.github/workflows/load-test-locust.yml,workflow_dispatch,failure,2026-06-12T11:16:13Z,412,b-7.4.x,dantweb,e9ecb501d353,1,2026-06-12,Daniil Tkachev,3,3,3,0,0,0,load tests
stripe-wallet,27412765187,42,1,Load Test (Locust),.github/workflows/load-test-locust.yml,workflow_dispatch,failure,2026-06-12T11:27:01Z,443,b-7.4.x,dantweb,e9ecb501d353,1,2026-06-12,Daniil Tkachev,3,3,3,0,0,0,load tests
stripe-wallet,27412928140,608,1,Development,.github/workflows/development.yml,push,success,2026-06-12T11:30:31Z,570,b-7.4.x,dantweb,d93f8aba07af,1,2026-06-12,Daniil Tkachev,4,502,53,0,499,1,"ci(load-test-k6): add Web Vitals, saturation, per-scenario + threshold stats"
stripe-wallet,27413065906,4,1,Load Test (k6 scenarios),.github/workflows/load-test-k6.yml,workflow_dispatch,success,2026-06-12T11:33:28Z,451,b-7.4.x,dantweb,d93f8aba07af,1,2026-06-12,Daniil Tkachev,4,502,53,0,499,1,"ci(load-test-k6): add Web Vitals, saturation, per-scenario + threshold stats"
stripe-wallet,27413106148,43,1,Load Test (Locust),.github/workflows/load-test-locust.yml,workflow_dispatch,failure,2026-06-12T11:34:21Z,404,b-7.4.x,dantweb,d93f8aba07af,1,2026-06-12,Daniil Tkachev,4,502,53,0,499,1,"ci(load-test-k6): add Web Vitals, saturation, per-scenario + threshold stats"
stripe-wallet,27413213747,44,1,Load Test (Locust),.github/workflows/load-test-locust.yml,workflow_dispatch,failure,2026-06-12T11:36:42Z,598,b-7.4.x,dantweb,d93f8aba07af,1,2026-06-12,Daniil Tkachev,4,502,53,0,499,1,"ci(load-test-k6): add Web Vitals, saturation, per-scenario + threshold stats"
stripe-wallet,27413558935,5,1,Load Test (k6 scenarios),.github/workflows/load-test-k6.yml,workflow_dispatch,cancelled,2026-06-12T11:44:19Z,3836,b-7.4.x,dantweb,d93f8aba07af,1,2026-06-12,Daniil Tkachev,4,502,53,0,499,1,"ci(load-test-k6): add Web Vitals, saturation, per-scenario + threshold stats"
stripe-wallet,27413593107,64,1,Playwright E2E,.github/workflows/playwright-ci.yml,workflow_dispatch,failure,2026-06-12T11:45:04Z,7051,b-7.4.x,dantweb,d93f8aba07af,1,2026-06-12,Daniil Tkachev,4,502,53,0,499,1,"ci(load-test-k6): add Web Vitals, saturation, per-scenario + threshold stats"
stripe-wallet,27414021507,45,1,Load Test (Locust),.github/workflows/load-test-locust.yml,workflow_dispatch,failure,2026-06-12T11:54:22Z,346,b-7.4.x,dantweb,d93f8aba07af,1,2026-06-12,Daniil Tkachev,4,502,53,0,499,1,"ci(load-test-k6): add Web Vitals, saturation, per-scenario + threshold stats"
stripe-wallet,27414418411,46,1,Load Test (Locust),.github/workflows/load-test-locust.yml,workflow_dispatch,failure,2026-06-12T12:02:46Z,359,b-7.4.x,dantweb,d93f8aba07af,1,2026-06-12,Daniil Tkachev,4,502,53,0,499,1,"ci(load-test-k6): add Web Vitals, saturation, per-scenario + threshold stats"
stripe-wallet,27416412657,6,1,Load Test (k6 scenarios),.github/workflows/load-test-k6.yml,workflow_dispatch,success,2026-06-12T12:43:44Z,563,b-7.4.x,dantweb,d93f8aba07af,1,2026-06-12,Daniil Tkachev,4,502,53,0,499,1,"ci(load-test-k6): add Web Vitals, saturation, per-scenario + threshold stats"
stripe-wallet,27554816783,609,1,Development,.github/workflows/development.yml,push,success,2026-06-15T14:51:10Z,398,b-7.4.x-arythmetic-STRP-157,dantweb,8d62299dd667,1,2026-06-15,Daniil Tkachev,7,624,13,63,39,0,STRP-157 Per-line summation in CO-session
stripe-wallet,27555280575,610,1,Development,.github/workflows/development.yml,push,success,2026-06-15T14:58:22Z,434,b-7.4.x,dantweb,8d62299dd667,1,2026-06-15,Daniil Tkachev,7,624,13,63,39,0,STRP-157 Per-line summation in CO-session
payment-base,27613792996,13,1,Development,.github/workflows/development.yml,push,failure,2026-06-16T11:18:56Z,119,b-7.4.x-math-STRP-157,dantweb,7bc2ef9d79de,1,2026-06-16,Daniil Tkachev,5,88,1,0,73,0,STRP-157 Per-line summation in CO-session
payment-base,27613807701,14,1,Development,.github/workflows/development.yml,push,failure,2026-06-16T11:19:14Z,113,b-7.4.x,dantweb,7bc2ef9d79de,1,2026-06-16,Daniil Tkachev,5,88,1,0,73,0,STRP-157 Per-line summation in CO-session
payment-base,27614061005,15,1,Development,.github/workflows/development.yml,push,success,2026-06-16T11:24:14Z,311,b-7.4.x,dantweb,e409993c5bbd,1,2026-06-16,Daniil Tkachev,13,884,0,208,676,0,STRP-157 Per-line summation in CO-session
stripe-wallet,27614063644,611,1,Development,.github/workflows/development.yml,push,success,2026-06-16T11:24:17Z,409,b-7.4.x,dantweb,d613b3e06f31,1,2026-06-16,Daniil Tkachev,3,398,0,0,0,0,STRP-157 Per-line summation in CO-session
payment-base,27626073230,16,2,Development,.github/workflows/development.yml,push,success,2026-06-16T14:46:56Z,318,b-7.4.x,dantweb,b97a693c1b1c,1,2026-06-16,Daniil Tkachev,2,16,0,0,0,0,STRP-155 Payment base translations
stripe-wallet,27696469160,612,1,Development,.github/workflows/development.yml,push,failure,2026-06-17T14:29:38Z,214,b-7.4.x-payment-tab-STRP-15123,dantweb,94b64eef7258,1,2026-06-17,Daniil Tkachev,12,618,14,70,548,0,STRP-151-2-3 Stripe Payment admin capture refund values
stripe-wallet,27696998074,613,2,Development,.github/workflows/development.yml,push,failure,2026-06-17T14:37:46Z,225,b-7.4.x-payment-tab-STRP-15123,dantweb,315a155d0527,1,2026-06-17,Daniil Tkachev,5,690,0,0,0,0,STRP-151-2-3 Stripe Payment admin capture refund values
stripe-wallet,27702364805,614,1,Development,.github/workflows/development.yml,push,success,2026-06-17T16:00:54Z,390,b-7.4.x-payment-tab-STRP-15123,dantweb,fe73f9a0cb42,1,2026-06-17,Daniil Tkachev,1,5,1,0,0,1,ci(development): restore-only on install cache to stop duplicate-save race
stripe-wallet,27758357999,615,1,Development,.github/workflows/development.yml,push,success,2026-06-18T12:08:26Z,442,b-7.4.x,dantweb,fe73f9a0cb42,1,2026-06-17,Daniil Tkachev,1,5,1,0,0,1,ci(development): restore-only on install cache to stop duplicate-save race
stripe-wallet,27760211001,616,1,Development,.github/workflows/development.yml,push,success,2026-06-18T12:42:33Z,436,b-7.4.x,dantweb,bda62c60b5e0,1,2026-06-18,Daniil Tkachev,1,4,0,0,0,0,STRP-151 Admin config styles
stripe-wallet,27940647121,617,1,Development,.github/workflows/development.yml,push,success,2026-06-22T08:46:28Z,385,b-7.4.x,dantweb,15c140e9ee10,1,2026-06-22,Daniil Tkachev,1,2,2,2,0,0,STRP-159 Strings translations
stripe-wallet,27949652896,618,1,Development,.github/workflows/development.yml,push,success,2026-06-22T11:33:51Z,387,b-7.4.x-agb-fix-STRP-138,dantweb,bf32d77b5e02,0,,,,,,,,,
stripe-wallet,27950020707,619,1,Development,.github/workflows/development.yml,push,success,2026-06-22T11:41:05Z,421,b-7.4.x-agb-fix-STRP-138,dantweb,e981a53df843,1,2026-06-22,Daniil Tkachev,13,1002,11,71,459,0,STRP-138 AGB complience
stripe-wallet,27950442073,620,1,Development,.github/workflows/development.yml,push,success,2026-06-22T11:49:07Z,367,b-7.4.x,dantweb,e981a53df843,1,2026-06-22,Daniil Tkachev,13,1002,11,71,459,0,STRP-138 AGB complience
payment-base,27958756201,17,1,Development,.github/workflows/development.yml,push,success,2026-06-22T14:07:09Z,338,b-7.4.x-float-math-STRP-160,dantweb,4c381bcc310a,1,2026-06-22,Daniil Tkachev,12,643,52,239,404,0,STRP-160 Float math fixures
payment-base,27959308544,18,1,Development,.github/workflows/development.yml,push,failure,2026-06-22T14:15:28Z,335,b-7.4.x,dantweb,4c381bcc310a,1,2026-06-22,Daniil Tkachev,12,643,52,239,404,0,STRP-160 Float math fixures
stripe-wallet,27959348986,621,1,Development,.github/workflows/development.yml,push,success,2026-06-22T14:16:04Z,400,b-7.4.x-flaoting-math-ops-STRP-160,dantweb,d18ddcbbcf2a,1,2026-06-22,Daniil Tkachev,7,592,75,69,72,0,STRP-160 Float math fixures
stripe-wallet,27960041886,622,1,Development,.github/workflows/development.yml,push,failure,2026-06-22T14:26:58Z,285,b-7.4.x,dantweb,d18ddcbbcf2a,1,2026-06-22,Daniil Tkachev,7,592,75,69,72,0,STRP-160 Float math fixures
stripe-wallet,28014338365,623,1,Development,.github/workflows/development.yml,push,success,2026-06-23T08:53:11Z,405,b-7.4.x,dantweb,a4246296f30c,1,2026-06-23,Daniil Tkachev,2,121,0,0,0,0,STRP-160 Float math docs added
payment-base,28014338753,19,1,Development,.github/workflows/development.yml,push,success,2026-06-23T08:53:11Z,342,b-7.4.x,dantweb,09eb5b8d4f63,1,2026-06-23,Daniil Tkachev,1,168,0,0,0,0,STRP-160 Float math docs added
stripe-wallet,28021079265,624,1,Development,.github/workflows/development.yml,push,success,2026-06-23T10:54:33Z,385,b-7.4.x-pen-tests-STRP-161,dantweb,a2129e4c8144,1,2026-06-23,Daniil Tkachev,21,1636,0,0,953,0,STRP-161 Security tests
stripe-wallet,28022324790,625,1,Development,.github/workflows/development.yml,push,success,2026-06-23T11:17:50Z,377,b-7.4.x,dantweb,a2129e4c8144,1,2026-06-23,Daniil Tkachev,21,1636,0,0,953,0,STRP-161 Security tests
stripe-wallet,28022377919,1,1,Security Pentest (black-box),.github/workflows/security-pentest.yml,workflow_dispatch,success,2026-06-23T11:18:53Z,176,b-7.4.x,dantweb,a2129e4c8144,1,2026-06-23,Daniil Tkachev,21,1636,0,0,953,0,STRP-161 Security tests
stripe-wallet,28026548283,626,1,Development,.github/workflows/development.yml,push,success,2026-06-23T12:34:48Z,427,b-7.4.x-secutiry-fix-STRP-161,dantweb,8518e8c6a510,0,,,,,,,,,
stripe-wallet,28026653312,627,1,Development,.github/workflows/development.yml,push,success,2026-06-23T12:36:34Z,417,fix/opc-90-stripe-validation-per-field-feedback,sosenx,190ae1b5d61c,1,2026-06-23,Bartosz Sosnowski,2,106,31,0,0,0,OPC-90 Render per-field validation feedback in OPC modal (v3.0.2)
stripe-wallet,28030728617,629,1,Development,.github/workflows/development.yml,push,success,2026-06-23T13:43:16Z,395,v3.0.2,sosenx,190ae1b5d61c,1,2026-06-23,Bartosz Sosnowski,2,106,31,0,0,0,OPC-90 Render per-field validation feedback in OPC modal (v3.0.2)
stripe-wallet,28030728004,628,1,Development,.github/workflows/development.yml,push,success,2026-06-23T13:43:16Z,452,b-7.4.x,sosenx,190ae1b5d61c,1,2026-06-23,Bartosz Sosnowski,2,106,31,0,0,0,OPC-90 Render per-field validation feedback in OPC modal (v3.0.2)
payment-base,28116010428,20,1,Development,.github/workflows/development.yml,push,success,2026-06-24T17:09:17Z,303,b-7.4.x-pre-flight-STRP-147,dantweb,ac65aa74a668,1,2026-06-24,Daniil Tkachev,3,309,3,34,275,0,STRP-147 Logging imporovements
stripe-wallet,28116013086,630,1,Development,.github/workflows/development.yml,push,success,2026-06-24T17:09:19Z,386,b-7.4.x-secutiry-fix-STRP-161,dantweb,39970e374426,0,,,,,,,,,
payment-base,28158116160,1,1,Development,.github/workflows/tests-integration-7.5.yml,push,cancelled,2026-06-25T08:44:39Z,116,b-7.4.x-pre-flight-STRP-147,dantweb,d194c9ef434c,1,2026-06-25,Daniil Tkachev,1,351,0,0,0,0,STRP-147 Integration tests on Oxid7.5
payment-base,28158116121,21,1,Development,.github/workflows/development.yml,push,cancelled,2026-06-25T08:44:39Z,109,b-7.4.x-pre-flight-STRP-147,dantweb,d194c9ef434c,1,2026-06-25,Daniil Tkachev,1,351,0,0,0,0,STRP-147 Integration tests on Oxid7.5
payment-base,28158212803,2,1,Tests on OXID 7.5,.github/workflows/tests-integration-7.5.yml,push,failure,2026-06-25T08:46:25Z,338,b-7.4.x-pre-flight-STRP-147,dantweb,ea465c51c106,1,2026-06-25,Daniil Tkachev,2,2,2,0,0,0,STRP-147 Integration tests on Oxid7.5
payment-base,28158212796,22,1,Tests on OXID 7.4,.github/workflows/development.yml,push,success,2026-06-25T08:46:25Z,345,b-7.4.x-pre-flight-STRP-147,dantweb,ea465c51c106,1,2026-06-25,Daniil Tkachev,2,2,2,0,0,0,STRP-147 Integration tests on Oxid7.5
payment-base,28162049206,1,1,Tests on OXID 7.4,.github/workflows/test-integration-7.4.yml,push,success,2026-06-25T09:55:48Z,310,b-7.4.x-pre-flight-STRP-147,dantweb,3dff157229a5,1,2026-06-25,Daniil Tkachev,55,701,682,42,659,0,STRP-147 Integration tests on Oxid7.5
payment-base,28162049190,3,1,Tests on OXID 7.5,.github/workflows/tests-integration-7.5.yml,push,success,2026-06-25T09:55:48Z,323,b-7.4.x-pre-flight-STRP-147,dantweb,3dff157229a5,1,2026-06-25,Daniil Tkachev,55,701,682,42,659,0,STRP-147 Integration tests on Oxid7.5
payment-base,28166083696,2,1,Tests on OXID 7.4,.github/workflows/test-integration-7.4.yml,push,success,2026-06-25T11:13:07Z,328,b-7.4.x,dantweb,3dff157229a5,1,2026-06-25,Daniil Tkachev,55,701,682,42,659,0,STRP-147 Integration tests on Oxid7.5
payment-base,28166083632,4,1,Tests on OXID 7.5,.github/workflows/tests-integration-7.5.yml,push,success,2026-06-25T11:13:07Z,317,b-7.4.x,dantweb,3dff157229a5,1,2026-06-25,Daniil Tkachev,55,701,682,42,659,0,STRP-147 Integration tests on Oxid7.5
stripe-wallet,28166228487,631,1,Development,.github/workflows/development.yml,push,success,2026-06-25T11:15:50Z,416,b-7.4.x-secutiry-fix-STRP-161,dantweb,a52659be781e,0,,,,,,,,,
stripe-wallet,28166328385,1,1,Stripe full tests onm OX7.4,.github/workflows/stripe-tests-oxid7.5.yml,push,failure,2026-06-25T11:17:49Z,105,b-7.4.x-secutiry-fix-STRP-161,dantweb,eb66641c3ff7,0,,,,,,,,,
stripe-wallet,28166328321,1,1,Stripe full tests onm OX7.4,.github/workflows/stripe-tests-oxid7.4.yml,push,success,2026-06-25T11:17:49Z,401,b-7.4.x-secutiry-fix-STRP-161,dantweb,eb66641c3ff7,0,,,,,,,,,
stripe-wallet,28166911350,2,1,Stripe full tests onm OXID CE 7.4,.github/workflows/stripe-tests-oxid7.4.yml,push,success,2026-06-25T11:29:02Z,427,b-7.4.x-secutiry-fix-STRP-161,dantweb,896afc8c2f76,0,,,,,,,,,
stripe-wallet,28166911306,2,1,Stripe full tests onm OXID CE 7.5,.github/workflows/stripe-tests-oxid7.5.yml,push,failure,2026-06-25T11:29:02Z,105,b-7.4.x-secutiry-fix-STRP-161,dantweb,896afc8c2f76,0,,,,,,,,,
stripe-wallet,28167466094,3,1,Stripe full tests onm OXID CE 7.4,.github/workflows/stripe-tests-oxid7.4.yml,push,success,2026-06-25T11:39:56Z,422,b-7.4.x,dantweb,46aa30091d74,1,2026-06-23,Daniil Tkachev,51,4099,115,320,1997,0,STRP-147 Logging and stability improvements
stripe-wallet,28167466085,3,1,Stripe full tests onm OXID CE 7.5,.github/workflows/stripe-tests-oxid7.5.yml,push,failure,2026-06-25T11:39:56Z,108,b-7.4.x,dantweb,46aa30091d74,1,2026-06-23,Daniil Tkachev,51,4099,115,320,1997,0,STRP-147 Logging and stability improvements
stripe-wallet,28168550541,4,1,Stripe full tests onm OXID CE 7.4,.github/workflows/stripe-tests-oxid7.4.yml,push,success,2026-06-25T12:00:40Z,393,b-7.4.x,dantweb,b25edcbeb1a9,1,2026-06-25,Daniil Tkachev,1,4,4,0,0,0,STRP-147 Update CI
stripe-wallet,28168550464,4,1,Stripe full tests onm OXID CE 7.5,.github/workflows/stripe-tests-oxid7.5.yml,push,failure,2026-06-25T12:00:40Z,387,b-7.4.x,dantweb,b25edcbeb1a9,1,2026-06-25,Daniil Tkachev,1,4,4,0,0,0,STRP-147 Update CI
stripe-wallet,28170869018,5,1,Stripe full tests onm OXID CE 7.4,.github/workflows/stripe-tests-oxid7.4.yml,push,success,2026-06-25T12:42:28Z,412,b-7.4.x,dantweb,6891b4e56128,1,2026-06-25,Daniil Tkachev,11,83,50,0,0,0,STRP-147 Logs managements
stripe-wallet,28170868966,5,1,Stripe full tests onm OXID CE 7.5,.github/workflows/stripe-tests-oxid7.5.yml,push,failure,2026-06-25T12:42:28Z,408,b-7.4.x,dantweb,6891b4e56128,1,2026-06-25,Daniil Tkachev,11,83,50,0,0,0,STRP-147 Logs managements
stripe-wallet,28171012838,6,1,Stripe full tests OXID CE 7.4,.github/workflows/stripe-tests-oxid7.4.yml,push,success,2026-06-25T12:45:01Z,380,b-7.4.x,dantweb,d708f2a926e8,1,2026-06-25,Daniil Tkachev,2,2,2,0,0,0,STRP-147 Logs managements
stripe-wallet,28171012819,6,1,Stripe full tests OXID CE 7.5,.github/workflows/stripe-tests-oxid7.5.yml,push,failure,2026-06-25T12:45:01Z,390,b-7.4.x,dantweb,d708f2a926e8,1,2026-06-25,Daniil Tkachev,2,2,2,0,0,0,STRP-147 Logs managements
stripe-wallet,28234675581,7,1,Stripe full tests OXID CE 7.5,.github/workflows/stripe-tests-oxid7.5.yml,push,success,2026-06-26T11:17:45Z,395,b-7.4.x-fix-CI,dantweb,09119402724c,1,2026-06-26,Daniil Tkachev,141,708,1342,0,692,0,STRP-147 Fix CI 7.5
stripe-wallet,28234675578,7,1,Stripe full tests OXID CE 7.4,.github/workflows/stripe-tests-oxid7.4.yml,push,success,2026-06-26T11:17:45Z,395,b-7.4.x-fix-CI,dantweb,09119402724c,1,2026-06-26,Daniil Tkachev,141,708,1342,0,692,0,STRP-147 Fix CI 7.5
stripe-wallet,28235417487,8,1,Stripe full tests OXID CE 7.4,.github/workflows/stripe-tests-oxid7.4.yml,push,success,2026-06-26T11:33:48Z,392,b-7.4.x,dantweb,09119402724c,1,2026-06-26,Daniil Tkachev,141,708,1342,0,692,0,STRP-147 Fix CI 7.5
stripe-wallet,28235417478,8,1,Stripe full tests OXID CE 7.5,.github/workflows/stripe-tests-oxid7.5.yml,push,success,2026-06-26T11:33:48Z,388,b-7.4.x,dantweb,09119402724c,1,2026-06-26,Daniil Tkachev,141,708,1342,0,692,0,STRP-147 Fix CI 7.5
payment-base,28237301645,4,1,Tests on OXID 7.4,.github/workflows/test-integration-7.4.yml,push,success,2026-06-26T12:13:54Z,368,v1.0.0,dantweb,23152b5575e2,1,2026-06-26,Daniil Tkachev,1,5,1,0,0,0,Release v1.0.0
payment-base,28237301641,6,1,Tests on OXID 7.5,.github/workflows/tests-integration-7.5.yml,push,success,2026-06-26T12:13:54Z,384,v1.0.0,dantweb,23152b5575e2,1,2026-06-26,Daniil Tkachev,1,5,1,0,0,0,Release v1.0.0
payment-base,28237301509,3,1,Tests on OXID 7.4,.github/workflows/test-integration-7.4.yml,push,success,2026-06-26T12:13:54Z,403,b-7.4.x,dantweb,23152b5575e2,1,2026-06-26,Daniil Tkachev,1,5,1,0,0,0,Release v1.0.0
payment-base,28237301477,5,1,Tests on OXID 7.5,.github/workflows/tests-integration-7.5.yml,push,success,2026-06-26T12:13:54Z,362,b-7.4.x,dantweb,23152b5575e2,1,2026-06-26,Daniil Tkachev,1,5,1,0,0,0,Release v1.0.0
stripe-wallet,28237445900,9,1,Stripe full tests OXID CE 7.4,.github/workflows/stripe-tests-oxid7.4.yml,push,success,2026-06-26T12:16:51Z,445,b-7.4.x-pre-release-STRP-147,dantweb,fb5453547505,1,2026-06-26,Daniil Tkachev,1,1,10,0,0,0,STRP-147 Release rpeparation
stripe-wallet,28237445875,9,1,Stripe full tests OXID CE 7.5,.github/workflows/stripe-tests-oxid7.5.yml,push,success,2026-06-26T12:16:51Z,436,b-7.4.x-pre-release-STRP-147,dantweb,fb5453547505,1,2026-06-26,Daniil Tkachev,1,1,10,0,0,0,STRP-147 Release rpeparation
stripe-wallet,28238389419,10,1,Stripe full tests OXID CE 7.4,.github/workflows/stripe-tests-oxid7.4.yml,push,success,2026-06-26T12:35:39Z,443,b-7.4.x,dantweb,fb5453547505,1,2026-06-26,Daniil Tkachev,1,1,10,0,0,0,STRP-147 Release rpeparation
stripe-wallet,28238389414,10,1,Stripe full tests OXID CE 7.5,.github/workflows/stripe-tests-oxid7.5.yml,push,success,2026-06-26T12:35:39Z,429,b-7.4.x,dantweb,fb5453547505,1,2026-06-26,Daniil Tkachev,1,1,10,0,0,0,STRP-147 Release rpeparation
stripe-wallet,28240788432,11,1,Stripe full tests OXID CE 7.5,.github/workflows/stripe-tests-oxid7.5.yml,push,success,2026-06-26T13:21:35Z,393,b-7.4.x,dantweb,482470d4896f,1,2026-06-26,Daniil Tkachev,1,1,1,0,0,0,STRP-147 Release rpeparation v3.0.3
stripe-wallet,28240788335,11,1,Stripe full tests OXID CE 7.4,.github/workflows/stripe-tests-oxid7.4.yml,push,success,2026-06-26T13:21:35Z,392,b-7.4.x,dantweb,482470d4896f,1,2026-06-26,Daniil Tkachev,1,1,1,0,0,0,STRP-147 Release rpeparation v3.0.3
stripe-wallet,28383506836,12,1,Stripe full tests OXID CE 7.4,.github/workflows/stripe-tests-oxid7.4.yml,push,failure,2026-06-29T15:30:09Z,413,b-7.4.x,dantweb,c621fa03366b,1,2026-06-29,Daniil Tkachev,2,48,11,47,0,0,update static content cycle
stripe-wallet,28383506361,12,1,Stripe full tests OXID CE 7.5,.github/workflows/stripe-tests-oxid7.5.yml,push,success,2026-06-29T15:30:09Z,373,b-7.4.x,dantweb,c621fa03366b,1,2026-06-29,Daniil Tkachev,2,48,11,47,0,0,update static content cycle
stripe-wallet,28584423088,13,1,Stripe full tests OXID CE 7.4,.github/workflows/stripe-tests-oxid7.4.yml,push,failure,2026-07-02T10:50:00Z,104,b-7.4.x-buyable.-STRP-79,dantweb,06ffce8261c3,0,,,,,,,,,
stripe-wallet,28584423052,13,1,Stripe full tests OXID CE 7.5,.github/workflows/stripe-tests-oxid7.5.yml,push,failure,2026-07-02T10:50:00Z,112,b-7.4.x-buyable.-STRP-79,dantweb,06ffce8261c3,0,,,,,,,,,
stripe-wallet,28585624595,14,1,Stripe full tests OXID CE 7.4,.github/workflows/stripe-tests-oxid7.4.yml,push,success,2026-07-02T11:11:42Z,403,b-7.4.x-buyable.-STRP-79,dantweb,e5c6fd80aab4,0,,,,,,,,,
stripe-wallet,28585624526,14,1,Stripe full tests OXID CE 7.5,.github/workflows/stripe-tests-oxid7.5.yml,push,success,2026-07-02T11:11:42Z,404,b-7.4.x-buyable.-STRP-79,dantweb,e5c6fd80aab4,0,,,,,,,,,
stripe-wallet,28586074123,15,1,Stripe full tests OXID CE 7.4,.github/workflows/stripe-tests-oxid7.4.yml,push,success,2026-07-02T11:20:05Z,404,b-7.4.x,dantweb,58464a792a48,1,2026-07-02,Daniil Tkachev,18,1078,14,259,807,0,STRP-79 Show proper message if a product unbuyable
stripe-wallet,28586073824,15,1,Stripe full tests OXID CE 7.5,.github/workflows/stripe-tests-oxid7.5.yml,push,success,2026-07-02T11:20:05Z,404,b-7.4.x,dantweb,58464a792a48,1,2026-07-02,Daniil Tkachev,18,1078,14,259,807,0,STRP-79 Show proper message if a product unbuyable
stripe-wallet,28588113506,16,1,Stripe full tests OXID CE 7.4,.github/workflows/stripe-tests-oxid7.4.yml,push,success,2026-07-02T11:56:45Z,456,v3.1-rc.1,dantweb,6e828a242d6b,1,2026-07-02,Daniil Tkachev,562,105115,0,18417,44534,0,Stripe payment module v3.1-rc.1 (squashed history)
stripe-wallet,28588113469,16,1,Stripe full tests OXID CE 7.5,.github/workflows/stripe-tests-oxid7.5.yml,push,success,2026-07-02T11:56:45Z,438,v3.1-rc.1,dantweb,6e828a242d6b,1,2026-07-02,Daniil Tkachev,562,105115,0,18417,44534,0,Stripe payment module v3.1-rc.1 (squashed history)
stripe-wallet,28588697205,17,1,Stripe full tests OXID CE 7.5,.github/workflows/stripe-tests-oxid7.5.yml,push,success,2026-07-02T12:06:32Z,511,v3.1-rc.1,dantweb,d9a01eff634b,1,2026-07-02,Daniil Tkachev,2,2,2,0,0,0,v3.1.0-rc.1
stripe-wallet,28588696918,17,1,Stripe full tests OXID CE 7.4,.github/workflows/stripe-tests-oxid7.4.yml,push,success,2026-07-02T12:06:32Z,510,v3.1-rc.1,dantweb,d9a01eff634b,1,2026-07-02,Daniil Tkachev,2,2,2,0,0,0,v3.1.0-rc.1
stripe-wallet,28588697895,18,1,Stripe full tests OXID CE 7.4,.github/workflows/stripe-tests-oxid7.4.yml,push,success,2026-07-02T12:06:33Z,465,v3.1.0-rc.1,dantweb,d9a01eff634b,1,2026-07-02,Daniil Tkachev,2,2,2,0,0,0,v3.1.0-rc.1
stripe-wallet,28588697767,18,1,Stripe full tests OXID CE 7.5,.github/workflows/stripe-tests-oxid7.5.yml,push,success,2026-07-02T12:06:33Z,447,v3.1.0-rc.1,dantweb,d9a01eff634b,1,2026-07-02,Daniil Tkachev,2,2,2,0,0,0,v3.1.0-rc.1
stripe-wallet,28588851482,19,1,Stripe full tests OXID CE 7.4,.github/workflows/stripe-tests-oxid7.4.yml,push,success,2026-07-02T12:09:11Z,486,b-7.4.x-LEGACY,dantweb,58464a792a48,1,2026-07-02,Daniil Tkachev,18,1078,14,259,807,0,STRP-79 Show proper message if a product unbuyable
stripe-wallet,28588851093,19,1,Stripe full tests OXID CE 7.5,.github/workflows/stripe-tests-oxid7.5.yml,push,success,2026-07-02T12:09:11Z,483,b-7.4.x-LEGACY,dantweb,58464a792a48,1,2026-07-02,Daniil Tkachev,18,1078,14,259,807,0,STRP-79 Show proper message if a product unbuyable
stripe-wallet,28588875948,20,1,Stripe full tests OXID CE 7.5,.github/workflows/stripe-tests-oxid7.5.yml,push,success,2026-07-02T12:09:36Z,498,b-7.4.x,dantweb,d9a01eff634b,1,2026-07-02,Daniil Tkachev,2,2,2,0,0,0,v3.1.0-rc.1
stripe-wallet,28588875785,20,1,Stripe full tests OXID CE 7.4,.github/workflows/stripe-tests-oxid7.4.yml,push,success,2026-07-02T12:09:36Z,464,b-7.4.x,dantweb,d9a01eff634b,1,2026-07-02,Daniil Tkachev,2,2,2,0,0,0,v3.1.0-rc.1
stripe-wallet,28790808601,21,1,Stripe full tests OXID CE 7.5,.github/workflows/stripe-tests-oxid7.5.yml,push,failure,2026-07-06T12:15:56Z,583,fix/factory-parent-ctor-removal,sosenx,d07c2a1ce6e9,1,2026-07-06,Bartosz Sosnowski,4,30,12,30,0,0,fix(di): remove parent::__construct calls in 4 FileLoggerFactory classes
stripe-wallet,28790808566,21,1,Stripe full tests OXID CE 7.4,.github/workflows/stripe-tests-oxid7.4.yml,push,failure,2026-07-06T12:15:56Z,492,fix/factory-parent-ctor-removal,sosenx,d07c2a1ce6e9,1,2026-07-06,Bartosz Sosnowski,4,30,12,30,0,0,fix(di): remove parent::__construct calls in 4 FileLoggerFactory classes
stripe-wallet,28842299426,22,1,Stripe full tests OXID CE 7.5,.github/workflows/stripe-tests-oxid7.5.yml,push,failure,2026-07-07T04:48:22Z,367,b-7.4.x,sosenx,d07c2a1ce6e9,1,2026-07-06,Bartosz Sosnowski,4,30,12,30,0,0,fix(di): remove parent::__construct calls in 4 FileLoggerFactory classes
stripe-wallet,28842299375,22,1,Stripe full tests OXID CE 7.4,.github/workflows/stripe-tests-oxid7.4.yml,push,failure,2026-07-07T04:48:22Z,319,b-7.4.x,sosenx,d07c2a1ce6e9,1,2026-07-06,Bartosz Sosnowski,4,30,12,30,0,0,fix(di): remove parent::__construct calls in 4 FileLoggerFactory classes
stripe-wallet,28845147853,23,1,Stripe full tests OXID CE 7.4,.github/workflows/stripe-tests-oxid7.4.yml,push,failure,2026-07-07T06:01:27Z,377,v3.1.0-rc.1.1,sosenx,d07c2a1ce6e9,1,2026-07-06,Bartosz Sosnowski,4,30,12,30,0,0,fix(di): remove parent::__construct calls in 4 FileLoggerFactory classes
stripe-wallet,28845147830,23,1,Stripe full tests OXID CE 7.5,.github/workflows/stripe-tests-oxid7.5.yml,push,failure,2026-07-07T06:01:27Z,400,v3.1.0-rc.1.1,sosenx,d07c2a1ce6e9,1,2026-07-06,Bartosz Sosnowski,4,30,12,30,0,0,fix(di): remove parent::__construct calls in 4 FileLoggerFactory classes
stripe-wallet,28904246332,26,1,github_actions in /. - Update #1451682421,dynamic/dependabot/dependabot-updates,dynamic,success,2026-07-07T22:52:36Z,71,b-7.4.x,dependabot[bot],d07c2a1ce6e9,1,2026-07-06,Bartosz Sosnowski,4,30,12,30,0,0,fix(di): remove parent::__construct calls in 4 FileLoggerFactory classes
stripe-wallet,28904289605,24,1,Stripe full tests OXID CE 7.4,.github/workflows/stripe-tests-oxid7.4.yml,push,failure,2026-07-07T22:53:29Z,72,dependabot/github_actions/actions/setup-node-6,dependabot[bot],9b5c48321d5d,1,2026-07-07,dependabot[bot],1,1,1,0,0,0,build(deps): Bump actions/setup-node from 4 to 6
stripe-wallet,28904289581,24,1,Stripe full tests OXID CE 7.5,.github/workflows/stripe-tests-oxid7.5.yml,push,failure,2026-07-07T22:53:29Z,126,dependabot/github_actions/actions/setup-node-6,dependabot[bot],9b5c48321d5d,1,2026-07-07,dependabot[bot],1,1,1,0,0,0,build(deps): Bump actions/setup-node from 4 to 6
stripe-wallet,28904299418,25,1,Stripe full tests OXID CE 7.4,.github/workflows/stripe-tests-oxid7.4.yml,push,failure,2026-07-07T22:53:41Z,63,dependabot/github_actions/actions/cache-6,dependabot[bot],53926b06d1b7,1,2026-07-07,dependabot[bot],3,10,10,0,0,0,build(deps): Bump actions/cache from 4 to 6
stripe-wallet,28904299410,25,1,Stripe full tests OXID CE 7.5,.github/workflows/stripe-tests-oxid7.5.yml,push,failure,2026-07-07T22:53:41Z,78,dependabot/github_actions/actions/cache-6,dependabot[bot],53926b06d1b7,1,2026-07-07,dependabot[bot],3,10,10,0,0,0,build(deps): Bump actions/cache from 4 to 6
stripe-wallet,28904302531,26,1,Stripe full tests OXID CE 7.5,.github/workflows/stripe-tests-oxid7.5.yml,push,failure,2026-07-07T22:53:46Z,72,dependabot/github_actions/actions/checkout-7,dependabot[bot],88a9f49c75b9,1,2026-07-07,dependabot[bot],6,20,20,0,0,0,build(deps): Bump actions/checkout from 5 to 7
stripe-wallet,28904302513,26,1,Stripe full tests OXID CE 7.4,.github/workflows/stripe-tests-oxid7.4.yml,push,failure,2026-07-07T22:53:46Z,64,dependabot/github_actions/actions/checkout-7,dependabot[bot],88a9f49c75b9,1,2026-07-07,dependabot[bot],6,20,20,0,0,0,build(deps): Bump actions/checkout from 5 to 7
payment-base,28949402041,7,1,Tests on OXID 7.5,.github/workflows/tests-integration-7.5.yml,push,success,2026-07-08T14:13:23Z,394,feat/mollie-panel-accent,dantweb,044f669652f7,0,,,,,,,,,
payment-base,28949402020,5,1,Tests on OXID 7.4,.github/workflows/test-integration-7.4.yml,push,success,2026-07-08T14:13:23Z,450,feat/mollie-panel-accent,dantweb,044f669652f7,0,,,,,,,,,
payment-base,28949439169,8,1,Tests on OXID 7.5,.github/workflows/tests-integration-7.5.yml,pull_request,success,2026-07-08T14:13:56Z,455,feat/mollie-panel-accent,dantweb,044f669652f7,0,,,,,,,,,
payment-base,28949439098,6,1,Tests on OXID 7.4,.github/workflows/test-integration-7.4.yml,pull_request,success,2026-07-08T14:13:56Z,433,feat/mollie-panel-accent,dantweb,044f669652f7,0,,,,,,,,,
payment-base,29256826206,7,1,Tests on OXID 7.4,.github/workflows/test-integration-7.4.yml,push,failure,2026-07-13T14:10:34Z,411,feat/mollie-panel-accent,dantweb,6dc0de7bb62c,0,,,,,,,,,
payment-base,29256826187,9,1,Tests on OXID 7.5,.github/workflows/tests-integration-7.5.yml,push,failure,2026-07-13T14:10:34Z,423,feat/mollie-panel-accent,dantweb,6dc0de7bb62c,0,,,,,,,,,
payment-base,29256829675,8,1,Tests on OXID 7.4,.github/workflows/test-integration-7.4.yml,pull_request,failure,2026-07-13T14:10:37Z,416,feat/mollie-panel-accent,dantweb,6dc0de7bb62c,0,,,,,,,,,
payment-base,29256829174,10,1,Tests on OXID 7.5,.github/workflows/tests-integration-7.5.yml,pull_request,failure,2026-07-13T14:10:37Z,409,feat/mollie-panel-accent,dantweb,6dc0de7bb62c,0,,,,,,,,,
stripe-wallet,29256837311,27,1,Stripe full tests OXID CE 7.5,.github/workflows/stripe-tests-oxid7.5.yml,push,failure,2026-07-13T14:10:44Z,206,b-7.4.x,dantweb,8e1093fe300f,1,2026-07-13,Daniil Tkachev,2,8,12,4,0,1,Use ValidationBaseFactory instead of direct ValidationBaseInterface binding
stripe-wallet,29256837027,27,1,Stripe full tests OXID CE 7.4,.github/workflows/stripe-tests-oxid7.4.yml,push,failure,2026-07-13T14:10:44Z,166,b-7.4.x,dantweb,8e1093fe300f,1,2026-07-13,Daniil Tkachev,2,8,12,4,0,1,Use ValidationBaseFactory instead of direct ValidationBaseInterface binding
payment-base,29259359175,9,1,Tests on OXID 7.4,.github/workflows/test-integration-7.4.yml,push,failure,2026-07-13T14:46:12Z,350,feat/mollie-panel-accent,dantweb,dd5747102860,0,,,,,,,,,
payment-base,29259359060,11,1,Tests on OXID 7.5,.github/workflows/tests-integration-7.5.yml,push,failure,2026-07-13T14:46:12Z,332,feat/mollie-panel-accent,dantweb,dd5747102860,0,,,,,,,,,
payment-base,29259366461,10,1,Tests on OXID 7.4,.github/workflows/test-integration-7.4.yml,pull_request,failure,2026-07-13T14:46:18Z,341,feat/mollie-panel-accent,dantweb,dd5747102860,0,,,,,,,,,
payment-base,29259366014,12,1,Tests on OXID 7.5,.github/workflows/tests-integration-7.5.yml,pull_request,failure,2026-07-13T14:46:18Z,367,feat/mollie-panel-accent,dantweb,dd5747102860,0,,,,,,,,,
stripe-wallet,29259495572,28,1,Stripe full tests OXID CE 7.4,.github/workflows/stripe-tests-oxid7.4.yml,push,failure,2026-07-13T14:48:10Z,179,b-7.4.x,dantweb,39d47d62c3cc,1,2026-07-13,Daniil Tkachev,1,22,11,0,22,1,Update UserDataValidatorTest to use ValidationBaseFactory
stripe-wallet,29259495567,28,1,Stripe full tests OXID CE 7.5,.github/workflows/stripe-tests-oxid7.5.yml,push,failure,2026-07-13T14:48:10Z,184,b-7.4.x,dantweb,39d47d62c3cc,1,2026-07-13,Daniil Tkachev,1,22,11,0,22,1,Update UserDataValidatorTest to use ValidationBaseFactory
payment-base,29260077207,13,1,Tests on OXID 7.5,.github/workflows/tests-integration-7.5.yml,push,failure,2026-07-13T14:56:15Z,355,feat/mollie-panel-accent,dantweb,e45f1b5b1f2d,0,,,,,,,,,
payment-base,29260076791,11,1,Tests on OXID 7.4,.github/workflows/test-integration-7.4.yml,push,failure,2026-07-13T14:56:15Z,326,feat/mollie-panel-accent,dantweb,e45f1b5b1f2d,0,,,,,,,,,
payment-base,29260087260,14,1,Tests on OXID 7.5,.github/workflows/tests-integration-7.5.yml,pull_request,failure,2026-07-13T14:56:23Z,356,feat/mollie-panel-accent,dantweb,e45f1b5b1f2d,0,,,,,,,,,
payment-base,29260087749,12,1,Tests on OXID 7.4,.github/workflows/test-integration-7.4.yml,pull_request,failure,2026-07-13T14:56:24Z,353,feat/mollie-panel-accent,dantweb,e45f1b5b1f2d,0,,,,,,,,,
payment-base,29260582558,15,1,Tests on OXID 7.5,.github/workflows/tests-integration-7.5.yml,push,success,2026-07-13T15:03:14Z,391,feat/mollie-panel-accent,dantweb,1ce44823b9b0,0,,,,,,,,,
payment-base,29260582534,13,1,Tests on OXID 7.4,.github/workflows/test-integration-7.4.yml,push,success,2026-07-13T15:03:14Z,380,feat/mollie-panel-accent,dantweb,1ce44823b9b0,0,,,,,,,,,
payment-base,29260586271,16,1,Tests on OXID 7.5,.github/workflows/tests-integration-7.5.yml,pull_request,success,2026-07-13T15:03:17Z,371,feat/mollie-panel-accent,dantweb,1ce44823b9b0,0,,,,,,,,,
payment-base,29260586266,14,1,Tests on OXID 7.4,.github/workflows/test-integration-7.4.yml,pull_request,success,2026-07-13T15:03:17Z,394,feat/mollie-panel-accent,dantweb,1ce44823b9b0,0,,,,,,,,,
payment-base,29261445964,15,1,Tests on OXID 7.4,.github/workflows/test-integration-7.4.yml,push,success,2026-07-13T15:15:13Z,330,b-7.4.x,dantweb,52fb454161a3,1,2026-07-08,Daniil Tkachev,4,71,10,51,11,0,small updates
payment-base,29261445730,17,1,Tests on OXID 7.5,.github/workflows/tests-integration-7.5.yml,push,success,2026-07-13T15:15:13Z,329,b-7.4.x,dantweb,52fb454161a3,1,2026-07-08,Daniil Tkachev,4,71,10,51,11,0,small updates
stripe-wallet,29266988662,29,1,Stripe full tests OXID CE 7.5,.github/workflows/stripe-tests-oxid7.5.yml,push,failure,2026-07-13T16:34:51Z,393,b-7.4.x,dantweb,7634f595c905,1,2026-07-13,Daniil Tkachev,1,5,0,0,0,1,Fix path repository conflicts in CI workflow
stripe-wallet,29266988628,29,1,Stripe full tests OXID CE 7.4,.github/workflows/stripe-tests-oxid7.4.yml,push,failure,2026-07-13T16:34:51Z,395,b-7.4.x,dantweb,7634f595c905,1,2026-07-13,Daniil Tkachev,1,5,0,0,0,1,Fix path repository conflicts in CI workflow
stripe-wallet,29317287551,30,1,Stripe full tests OXID CE 7.5,.github/workflows/stripe-tests-oxid7.5.yml,push,failure,2026-07-14T08:13:56Z,379,fix/opc-96-external-payment-return-hook,sosenx,9d893171537c,0,,,,,,,,,
stripe-wallet,29317287550,30,1,Stripe full tests OXID CE 7.4,.github/workflows/stripe-tests-oxid7.4.yml,push,failure,2026-07-14T08:13:56Z,369,fix/opc-96-external-payment-return-hook,sosenx,9d893171537c,0,,,,,,,,,
stripe-wallet,29317603572,31,1,Stripe full tests OXID CE 7.5,.github/workflows/stripe-tests-oxid7.5.yml,push,failure,2026-07-14T08:19:23Z,394,b-7.4.x,sosenx,76b995093f7b,1,2026-07-14,Bartosz Sosnowski,3,322,0,114,197,1,"OPC-96 subscribe to modal-reopen event, release stranded reservations"
stripe-wallet,29317603549,31,1,Stripe full tests OXID CE 7.4,.github/workflows/stripe-tests-oxid7.4.yml,push,failure,2026-07-14T08:19:23Z,373,b-7.4.x,sosenx,76b995093f7b,1,2026-07-14,Bartosz Sosnowski,3,322,0,114,197,1,"OPC-96 subscribe to modal-reopen event, release stranded reservations"
stripe-wallet,29320757168,32,1,Stripe full tests OXID CE 7.4,.github/workflows/stripe-tests-oxid7.4.yml,push,failure,2026-07-14T09:10:50Z,406,v3.1.1,sosenx,76b995093f7b,1,2026-07-14,Bartosz Sosnowski,3,322,0,114,197,1,"OPC-96 subscribe to modal-reopen event, release stranded reservations"
stripe-wallet,29320757164,32,1,Stripe full tests OXID CE 7.5,.github/workflows/stripe-tests-oxid7.5.yml,push,failure,2026-07-14T09:10:50Z,403,v3.1.1,sosenx,76b995093f7b,1,2026-07-14,Bartosz Sosnowski,3,322,0,114,197,1,"OPC-96 subscribe to modal-reopen event, release stranded reservations"
stripe-wallet,29321427695,33,1,Stripe full tests OXID CE 7.4,.github/workflows/stripe-tests-oxid7.4.yml,push,failure,2026-07-14T09:21:39Z,415,b-7.4.x,dantweb,4c89da1efbe9,1,2026-07-14,Daniil Tkachev,1,5,0,0,0,0,test run
stripe-wallet,29321427672,33,1,Stripe full tests OXID CE 7.5,.github/workflows/stripe-tests-oxid7.5.yml,push,failure,2026-07-14T09:21:39Z,426,b-7.4.x,dantweb,4c89da1efbe9,1,2026-07-14,Daniil Tkachev,1,5,0,0,0,0,test run
stripe-wallet,29322614382,34,1,Stripe full tests OXID CE 7.5,.github/workflows/stripe-tests-oxid7.5.yml,push,failure,2026-07-14T09:41:01Z,455,b-7.4.x,dantweb,75d5f1c123aa,1,2026-07-14,Daniil Tkachev,7,88,43,12,76,1,"Fix isolated unit tests: gating regression, validator wiring, optional-OPC stub"
stripe-wallet,29322614333,34,1,Stripe full tests OXID CE 7.4,.github/workflows/stripe-tests-oxid7.4.yml,push,failure,2026-07-14T09:41:01Z,455,b-7.4.x,dantweb,75d5f1c123aa,1,2026-07-14,Daniil Tkachev,7,88,43,12,76,1,"Fix isolated unit tests: gating regression, validator wiring, optional-OPC stub"
stripe-wallet,29323684513,35,1,Stripe full tests OXID CE 7.5,.github/workflows/stripe-tests-oxid7.5.yml,push,success,2026-07-14T09:58:55Z,424,b-7.4.x,dantweb,2e0e5dc37e5c,1,2026-07-14,Daniil Tkachev,3,45,18,14,31,1,Make OPC cleanup handler unit-testable without shop bootstrap
stripe-wallet,29323684510,35,1,Stripe full tests OXID CE 7.4,.github/workflows/stripe-tests-oxid7.4.yml,push,success,2026-07-14T09:58:55Z,421,b-7.4.x,dantweb,2e0e5dc37e5c,1,2026-07-14,Daniil Tkachev,3,45,18,14,31,1,Make OPC cleanup handler unit-testable without shop bootstrap
stripe-wallet,29818223359,36,1,Stripe full tests OXID CE 7.5,.github/workflows/stripe-tests-oxid7.5.yml,push,success,2026-07-21T09:25:32Z,437,b-7.4.x,dantweb,f07a6eb66514,1,2026-07-17,Daniil Tkachev,1,14,8,0,0,1,Isolate ContractTokenService from the shared TokenServiceInterface
stripe-wallet,29818223353,36,1,Stripe full tests OXID CE 7.4,.github/workflows/stripe-tests-oxid7.4.yml,push,success,2026-07-21T09:25:32Z,390,b-7.4.x,dantweb,f07a6eb66514,1,2026-07-17,Daniil Tkachev,1,14,8,0,0,1,Isolate ContractTokenService from the shared TokenServiceInterface
payment-base,29933116890,16,1,Tests on OXID 7.4,.github/workflows/test-integration-7.4.yml,push,success,2026-07-22T15:23:11Z,1933,b-7.4.x,dantweb,a27f0187b8b7,1,2026-07-22,Daniil Tkachev,9,145,27,35,105,1,Remove provider-specific leaks from agnostic base
payment-base,29933116342,18,1,Tests on OXID 7.5,.github/workflows/tests-integration-7.5.yml,push,success,2026-07-22T15:23:11Z,1939,b-7.4.x,dantweb,a27f0187b8b7,1,2026-07-22,Daniil Tkachev,9,145,27,35,105,1,Remove provider-specific leaks from agnostic base
stripe-wallet,29933118925,37,1,Stripe full tests OXID CE 7.5,.github/workflows/stripe-tests-oxid7.5.yml,push,success,2026-07-22T15:23:13Z,3609,b-7.4.x,dantweb,79ff170d377c,1,2026-07-22,Daniil Tkachev,3,16,7,5,7,1,Declare provider explicitly; own Stripe brand color
stripe-wallet,29933118904,37,1,Stripe full tests OXID CE 7.4,.github/workflows/stripe-tests-oxid7.4.yml,push,success,2026-07-22T15:23:13Z,1675,b-7.4.x,dantweb,79ff170d377c,1,2026-07-22,Daniil Tkachev,3,16,7,5,7,1,Declare provider explicitly; own Stripe brand color
stripe-wallet,30009542605,38,1,Stripe full tests OXID CE 7.4,.github/workflows/stripe-tests-oxid7.4.yml,push,success,2026-07-23T13:03:15Z,366,worktree-iframe-checkout-sprint,dantweb,ef96bca9dc14,1,2026-07-23,Daniil Tkachev,5,419,0,0,0,1,"Add ""iframe instead of checkout button"" sprint plan (2026-07-23)"
stripe-wallet,30009542527,38,1,Stripe full tests OXID CE 7.5,.github/workflows/stripe-tests-oxid7.5.yml,push,success,2026-07-23T13:03:15Z,384,worktree-iframe-checkout-sprint,dantweb,ef96bca9dc14,1,2026-07-23,Daniil Tkachev,5,419,0,0,0,1,"Add ""iframe instead of checkout button"" sprint plan (2026-07-23)"
stripe-wallet,30457694610,39,1,Stripe full tests OXID CE 7.5,.github/workflows/stripe-tests-oxid7.5.yml,push,failure,2026-07-29T13:47:57Z,141,b-7.4.x-iframe-checkout,dantweb,55d948dc9582,1,2026-07-29,Daniil Tkachev,6,182,52,0,1,1,IFRAME-02f: render standard order page without the classic button in iframe mode
stripe-wallet,30457698570,39,1,Stripe full tests OXID CE 7.4,.github/workflows/stripe-tests-oxid7.4.yml,push,failure,2026-07-29T13:48:00Z,124,b-7.4.x-iframe-checkout,dantweb,55d948dc9582,1,2026-07-29,Daniil Tkachev,6,182,52,0,1,1,IFRAME-02f: render standard order page without the classic button in iframe mode
payment-base,30458363660,19,1,Tests on OXID 7.5,.github/workflows/tests-integration-7.5.yml,push,success,2026-07-29T13:56:11Z,417,b-7.4.x-iframe-checkout,dantweb,57e325ecf696,1,2026-07-23,Daniil Tkachev,7,163,0,72,75,1,"IFRAME-01: add ""Use iframe instead of checkout button"" flag + agnostic accessor"
payment-base,30458363555,17,1,Tests on OXID 7.4,.github/workflows/test-integration-7.4.yml,push,success,2026-07-29T13:56:11Z,402,b-7.4.x-iframe-checkout,dantweb,57e325ecf696,1,2026-07-23,Daniil Tkachev,7,163,0,72,75,1,"IFRAME-01: add ""Use iframe instead of checkout button"" flag + agnostic accessor"
stripe-wallet,30458468346,40,1,Stripe full tests OXID CE 7.4,.github/workflows/stripe-tests-oxid7.4.yml,push,success,2026-07-29T13:57:27Z,403,b-7.4.x-iframe-checkout,dantweb,75ee3ddd767c,1,2026-07-29,Daniil Tkachev,2,2,2,0,0,1,ci: point full-tests at payment-base b-7.4.x-iframe-checkout
stripe-wallet,30458469271,40,1,Stripe full tests OXID CE 7.5,.github/workflows/stripe-tests-oxid7.5.yml,push,success,2026-07-29T13:57:28Z,470,b-7.4.x-iframe-checkout,dantweb,75ee3ddd767c,1,2026-07-29,Daniil Tkachev,2,2,2,0,0,1,ci: point full-tests at payment-base b-7.4.x-iframe-checkout
stripe-wallet,30631695919,41,1,Stripe full tests OXID CE 7.5,.github/workflows/stripe-tests-oxid7.5.yml,push,success,2026-07-31T12:44:00Z,427,b-7.4.x-iframe-checkout,dantweb,1ce8c9597e24,1,2026-07-31,Daniil Tkachev,4,134,2,0,7,1,IFRAME (OPC): Stripe footer widget eager-mounts Embedded Checkout inline
stripe-wallet,30631695888,41,1,Stripe full tests OXID CE 7.4,.github/workflows/stripe-tests-oxid7.4.yml,push,success,2026-07-31T12:44:00Z,454,b-7.4.x-iframe-checkout,dantweb,1ce8c9597e24,1,2026-07-31,Daniil Tkachev,4,134,2,0,7,1,IFRAME (OPC): Stripe footer widget eager-mounts Embedded Checkout inline
payment-base,30643952957,20,1,Tests on OXID 7.5,.github/workflows/tests-integration-7.5.yml,push,success,2026-07-31T15:41:26Z,530,b-7.4.x,dantweb,57e325ecf696,1,2026-07-23,Daniil Tkachev,7,163,0,72,75,1,"IFRAME-01: add ""Use iframe instead of checkout button"" flag + agnostic accessor"
payment-base,30643953941,18,1,Tests on OXID 7.4,.github/workflows/test-integration-7.4.yml,push,success,2026-07-31T15:41:27Z,517,b-7.4.x,dantweb,57e325ecf696,1,2026-07-23,Daniil Tkachev,7,163,0,72,75,1,"IFRAME-01: add ""Use iframe instead of checkout button"" flag + agnostic accessor"
stripe-wallet,30643991221,42,1,Stripe full tests OXID CE 7.4,.github/workflows/stripe-tests-oxid7.4.yml,push,success,2026-07-31T15:41:58Z,533,b-7.4.x-iframe-checkout,dantweb,e3842dac199b,1,2026-07-31,Daniil Tkachev,2,2,2,0,0,1,ci: point full-tests at payment-base b-7.4.x (iframe work merged to base main)
stripe-wallet,30643991208,42,1,Stripe full tests OXID CE 7.5,.github/workflows/stripe-tests-oxid7.5.yml,push,success,2026-07-31T15:41:58Z,584,b-7.4.x-iframe-checkout,dantweb,e3842dac199b,1,2026-07-31,Daniil Tkachev,2,2,2,0,0,1,ci: point full-tests at payment-base b-7.4.x (iframe work merged to base main)
stripe-wallet,30643993552,43,1,Stripe full tests OXID CE 7.5,.github/workflows/stripe-tests-oxid7.5.yml,push,success,2026-07-31T15:42:00Z,579,b-7.4.x,dantweb,e3842dac199b,1,2026-07-31,Daniil Tkachev,2,2,2,0,0,1,ci: point full-tests at payment-base b-7.4.x (iframe work merged to base main)
stripe-wallet,30643993547,43,1,Stripe full tests OXID CE 7.4,.github/workflows/stripe-tests-oxid7.4.yml,push,success,2026-07-31T15:42:00Z,591,b-7.4.x,dantweb,e3842dac199b,1,2026-07-31,Daniil Tkachev,2,2,2,0,0,1,ci: point full-tests at payment-base b-7.4.x (iframe work merged to base main)
stripe-wallet,31477568740,44,1,Stripe full tests OXID CE 7.5,.github/workflows/stripe-tests-oxid7.5.yml,push,failure,2026-08-11T09:24:35Z,410,fix/stripe-di-validation-base-adapt,sosenx,ac6d43fa0b7d,0,,,,,,,,,
stripe-wallet,31477568695,44,1,Stripe full tests OXID CE 7.4,.github/workflows/stripe-tests-oxid7.4.yml,push,failure,2026-08-11T09:24:35Z,419,fix/stripe-di-validation-base-adapt,sosenx,ac6d43fa0b7d,0,,,,,,,,,
stripe-wallet,31477806092,45,1,Stripe full tests OXID CE 7.5,.github/workflows/stripe-tests-oxid7.5.yml,push,failure,2026-08-11T09:27:49Z,434,b-7.4.x,sosenx,ac6d43fa0b7d,0,,,,,,,,,
stripe-wallet,31477806073,45,1,Stripe full tests OXID CE 7.4,.github/workflows/stripe-tests-oxid7.4.yml,push,failure,2026-08-11T09:27:49Z,430,b-7.4.x,sosenx,ac6d43fa0b7d,0,,,,,,,,,
stripe-wallet,31481771568,46,1,Stripe full tests OXID CE 7.5,.github/workflows/stripe-tests-oxid7.5.yml,push,success,2026-08-11T10:20:30Z,437,b-7.4.x,sosenx,09053bc77b6f,0,,,,,,,,,
stripe-wallet,31481771520,46,1,Stripe full tests OXID CE 7.4,.github/workflows/stripe-tests-oxid7.4.yml,push,success,2026-08-11T10:20:30Z,396,b-7.4.x,sosenx,09053bc77b6f,0,,,,,,,,,
payment-base,31491604484,19,1,Tests on OXID 7.4,.github/workflows/test-integration-7.4.yml,push,success,2026-08-11T12:31:05Z,383,v1.1.0,dantweb,1505a5910d95,1,2026-08-11,Daniil Tkachev,1,4,0,0,0,0,v1.1.0
payment-base,31491604441,21,1,Tests on OXID 7.5,.github/workflows/tests-integration-7.5.yml,push,success,2026-08-11T12:31:05Z,356,v1.1.0,dantweb,1505a5910d95,1,2026-08-11,Daniil Tkachev,1,4,0,0,0,0,v1.1.0
payment-base,31491605197,22,1,Tests on OXID 7.5,.github/workflows/tests-integration-7.5.yml,push,success,2026-08-11T12:31:06Z,390,b-7.4.x,dantweb,1505a5910d95,1,2026-08-11,Daniil Tkachev,1,4,0,0,0,0,v1.1.0
payment-base,31491605170,20,1,Tests on OXID 7.4,.github/workflows/test-integration-7.4.yml,push,success,2026-08-11T12:31:06Z,343,b-7.4.x,dantweb,1505a5910d95,1,2026-08-11,Daniil Tkachev,1,4,0,0,0,0,v1.1.0
stripe-wallet,31491729439,47,1,Stripe full tests OXID CE 7.5,.github/workflows/stripe-tests-oxid7.5.yml,push,success,2026-08-11T12:32:37Z,443,v3.2.0,dantweb,ba080427959a,0,,,,,,,,,
stripe-wallet,31491729380,47,1,Stripe full tests OXID CE 7.4,.github/workflows/stripe-tests-oxid7.4.yml,push,success,2026-08-11T12:32:37Z,426,v3.2.0,dantweb,ba080427959a,0,,,,,,,,,
stripe-wallet,31492036357,49,1,Stripe full tests OXID CE 7.4,.github/workflows/stripe-tests-oxid7.4.yml,push,failure,2026-08-11T12:36:24Z,128,v3.2.0,dantweb,5515e68c5789,1,2026-08-11,Daniil Tkachev,4,8,9,0,0,0,v3.2.0
stripe-wallet,31492036355,49,1,Stripe full tests OXID CE 7.5,.github/workflows/stripe-tests-oxid7.5.yml,push,failure,2026-08-11T12:36:24Z,127,v3.2.0,dantweb,5515e68c5789,1,2026-08-11,Daniil Tkachev,4,8,9,0,0,0,v3.2.0
stripe-wallet,31492036289,48,1,Stripe full tests OXID CE 7.4,.github/workflows/stripe-tests-oxid7.4.yml,push,failure,2026-08-11T12:36:24Z,124,b-7.4.x,dantweb,5515e68c5789,1,2026-08-11,Daniil Tkachev,4,8,9,0,0,0,v3.2.0
stripe-wallet,31492036222,48,1,Stripe full tests OXID CE 7.5,.github/workflows/stripe-tests-oxid7.5.yml,push,failure,2026-08-11T12:36:24Z,151,b-7.4.x,dantweb,5515e68c5789,1,2026-08-11,Daniil Tkachev,4,8,9,0,0,0,v3.2.0
stripe-wallet,31497446544,50,1,Stripe full tests OXID CE 7.5,.github/workflows/stripe-tests-oxid7.5.yml,push,failure,2026-08-11T13:40:57Z,109,b-7.4.x,dantweb,1ddc7c653d01,1,2026-08-11,Daniil Tkachev,4,8,9,0,0,0,v3.2.0
stripe-wallet,31497446541,50,1,Stripe full tests OXID CE 7.4,.github/workflows/stripe-tests-oxid7.4.yml,push,failure,2026-08-11T13:40:57Z,112,b-7.4.x,dantweb,1ddc7c653d01,1,2026-08-11,Daniil Tkachev,4,8,9,0,0,0,v3.2.0
payment-base,31605495472,21,1,Tests on OXID 7.4,.github/workflows/test-integration-7.4.yml,push,success,2026-08-12T14:12:13Z,299,b-7.4.x,dantweb,746ca6e8ca1b,1,2026-08-11,Daniil Tkachev,1,4,0,0,0,0,v1.1.0
payment-base,31605495313,23,1,Tests on OXID 7.5,.github/workflows/tests-integration-7.5.yml,push,success,2026-08-12T14:12:13Z,325,b-7.4.x,dantweb,746ca6e8ca1b,1,2026-08-11,Daniil Tkachev,1,4,0,0,0,0,v1.1.0
stripe-wallet,31607564386,51,1,Stripe full tests OXID CE 7.5,.github/workflows/stripe-tests-oxid7.5.yml,push,failure,2026-08-12T14:34:54Z,221,b-7.4.x,sosenx,965786eb0fd4,1,2026-08-12,Bartosz Sosnowski,2,23,0,15,0,1,feat(opc-125): declare iframe UI topology for OPC (rev-56)
stripe-wallet,31607564213,51,1,Stripe full tests OXID CE 7.4,.github/workflows/stripe-tests-oxid7.4.yml,push,failure,2026-08-12T14:34:54Z,111,b-7.4.x,sosenx,965786eb0fd4,1,2026-08-12,Bartosz Sosnowski,2,23,0,15,0,1,feat(opc-125): declare iframe UI topology for OPC (rev-56)
stripe-wallet,31681774219,52,1,Stripe full tests OXID CE 7.4,.github/workflows/stripe-tests-oxid7.4.yml,push,failure,2026-08-13T08:22:33Z,119,b-7.4.x,sosenx,840f9d852ead,1,2026-08-13,Bartosz Sosnowski,2,0,23,0,0,1,feat(opc-125): drop sPaymentHandlerUiTopology setting + getModuleId (rev-57)
stripe-wallet,31681774189,52,1,Stripe full tests OXID CE 7.5,.github/workflows/stripe-tests-oxid7.5.yml,push,failure,2026-08-13T08:22:33Z,114,b-7.4.x,sosenx,840f9d852ead,1,2026-08-13,Bartosz Sosnowski,2,0,23,0,0,1,feat(opc-125): drop sPaymentHandlerUiTopology setting + getModuleId (rev-57)
stripe-wallet,32121617487,53,1,Stripe full tests OXID CE 7.5,.github/workflows/stripe-tests-oxid7.5.yml,push,failure,2026-08-18T09:26:36Z,103,b-7.4.x,sosenx,d293c2a6205e,1,2026-08-18,Bartosz Sosnowski,1,40,1,0,0,1,IFRAME (OPC-132): Embedded Checkout page-global singleton + mount serialisation
stripe-wallet,32121617764,53,1,Stripe full tests OXID CE 7.4,.github/workflows/stripe-tests-oxid7.4.yml,push,failure,2026-08-18T09:26:37Z,106,b-7.4.x,sosenx,d293c2a6205e,1,2026-08-18,Bartosz Sosnowski,1,40,1,0,0,1,IFRAME (OPC-132): Embedded Checkout page-global singleton + mount serialisation
stripe-wallet,32259465693,54,1,Stripe full tests OXID CE 7.4,.github/workflows/stripe-tests-oxid7.4.yml,push,failure,2026-08-19T13:40:48Z,103,b-7.4.x-honest-failure-paths,dantweb,9cdfe41a6950,1,2026-08-19,Daniil Tkachev,1,1,1,0,1,1,Revert unrelated tests/e2e/playwright submodule pointer
stripe-wallet,32259465385,54,1,Stripe full tests OXID CE 7.5,.github/workflows/stripe-tests-oxid7.5.yml,push,failure,2026-08-19T13:40:48Z,116,b-7.4.x-honest-failure-paths,dantweb,9cdfe41a6950,1,2026-08-19,Daniil Tkachev,1,1,1,0,1,1,Revert unrelated tests/e2e/playwright submodule pointer
payment-base,32264972082,24,1,Tests on OXID 7.5,.github/workflows/tests-integration-7.5.yml,push,success,2026-08-19T14:35:54Z,319,b-7.4.x-honest-failure-paths,dantweb,6fa30c7ced3b,1,2026-08-19,Daniil Tkachev,3,200,1,92,108,1,Sprint 133 S4 (F1): separate the fraud audit record from the blocking policy
payment-base,32264972081,22,1,Tests on OXID 7.4,.github/workflows/test-integration-7.4.yml,push,failure,2026-08-19T14:35:54Z,115,b-7.4.x-honest-failure-paths,dantweb,6fa30c7ced3b,1,2026-08-19,Daniil Tkachev,3,200,1,92,108,1,Sprint 133 S4 (F1): separate the fraud audit record from the blocking policy
stripe-wallet,32265007220,55,1,Stripe full tests OXID CE 7.4,.github/workflows/stripe-tests-oxid7.4.yml,push,success,2026-08-19T14:36:15Z,405,b-7.4.x-honest-failure-paths,dantweb,4959da814227,1,2026-08-19,Daniil Tkachev,2,32,12,0,0,1,ci: fix composer resolution — payment-base alias and dev stability
stripe-wallet,32265007098,55,1,Stripe full tests OXID CE 7.5,.github/workflows/stripe-tests-oxid7.5.yml,push,success,2026-08-19T14:36:15Z,379,b-7.4.x-honest-failure-paths,dantweb,4959da814227,1,2026-08-19,Daniil Tkachev,2,32,12,0,0,1,ci: fix composer resolution — payment-base alias and dev stability
payment-base,32268993643,25,1,Tests on OXID 7.5,.github/workflows/tests-integration-7.5.yml,push,success,2026-08-19T15:15:47Z,383,b-7.4.x-honest-failure-paths,dantweb,d91413e1790c,1,2026-08-19,Daniil Tkachev,3,90,2,47,43,1,Sprint 133 S16 (F16): silent exits become visible
payment-base,32268993519,23,1,Tests on OXID 7.4,.github/workflows/test-integration-7.4.yml,push,failure,2026-08-19T15:15:47Z,175,b-7.4.x-honest-failure-paths,dantweb,d91413e1790c,1,2026-08-19,Daniil Tkachev,3,90,2,47,43,1,Sprint 133 S16 (F16): silent exits become visible
stripe-wallet,32268997691,56,1,Stripe full tests OXID CE 7.5,.github/workflows/stripe-tests-oxid7.5.yml,push,success,2026-08-19T15:15:49Z,444,b-7.4.x-honest-failure-paths,dantweb,41e6bce7137c,1,2026-08-19,Daniil Tkachev,1,109,0,0,0,1,Sprint 133: Phase B completion report
stripe-wallet,32268997628,56,1,Stripe full tests OXID CE 7.4,.github/workflows/stripe-tests-oxid7.4.yml,push,success,2026-08-19T15:15:49Z,426,b-7.4.x-honest-failure-paths,dantweb,41e6bce7137c,1,2026-08-19,Daniil Tkachev,1,109,0,0,0,1,Sprint 133: Phase B completion report
stripe-wallet,32274061750,57,1,Stripe full tests OXID CE 7.5,.github/workflows/stripe-tests-oxid7.5.yml,push,success,2026-08-19T16:07:02Z,393,b-7.4.x-honest-failure-paths,dantweb,a11f2730ff32,1,2026-08-19,Daniil Tkachev,1,224,0,0,0,1,Sprint 133: consolidated delivery report (Phases A+B)
stripe-wallet,32274061680,57,1,Stripe full tests OXID CE 7.4,.github/workflows/stripe-tests-oxid7.4.yml,push,success,2026-08-19T16:07:02Z,379,b-7.4.x-honest-failure-paths,dantweb,a11f2730ff32,1,2026-08-19,Daniil Tkachev,1,224,0,0,0,1,Sprint 133: consolidated delivery report (Phases A+B)
payment-base,32343946243,26,1,Tests on OXID 7.5,.github/workflows/tests-integration-7.5.yml,push,success,2026-08-20T07:25:33Z,329,b-7.4.x-honest-failure-paths,dantweb,d18f2a88b032,1,2026-08-20,Daniil Tkachev,3,34,6,34,0,1,"Sprint 133 S20 (F20): one canonical accessor style, and say which mode"
payment-base,32343947355,24,1,Tests on OXID 7.4,.github/workflows/test-integration-7.4.yml,push,failure,2026-08-20T07:25:34Z,121,b-7.4.x-honest-failure-paths,dantweb,d18f2a88b032,1,2026-08-20,Daniil Tkachev,3,34,6,34,0,1,"Sprint 133 S20 (F20): one canonical accessor style, and say which mode"
stripe-wallet,32343949894,58,1,Stripe full tests OXID CE 7.4,.github/workflows/stripe-tests-oxid7.4.yml,push,success,2026-08-20T07:25:36Z,402,b-7.4.x-honest-failure-paths,dantweb,5fbafec68ecf,1,2026-08-20,Daniil Tkachev,11,411,26,205,192,1,"Sprint 133 S18-S20 (F18, F19, F20): Phase C, minus the controller extraction"
stripe-wallet,32343949880,58,1,Stripe full tests OXID CE 7.5,.github/workflows/stripe-tests-oxid7.5.yml,push,success,2026-08-20T07:25:36Z,396,b-7.4.x-honest-failure-paths,dantweb,5fbafec68ecf,1,2026-08-20,Daniil Tkachev,11,411,26,205,192,1,"Sprint 133 S18-S20 (F18, F19, F20): Phase C, minus the controller extraction"
stripe-wallet,32344710693,59,1,Stripe full tests OXID CE 7.5,.github/workflows/stripe-tests-oxid7.5.yml,push,success,2026-08-20T07:35:26Z,354,b-7.4.x-honest-failure-paths,dantweb,3fb851c70391,1,2026-08-20,Daniil Tkachev,2,100,6,0,0,1,Sprint 133: Phase C completion + delivery report update
stripe-wallet,32344710663,59,1,Stripe full tests OXID CE 7.4,.github/workflows/stripe-tests-oxid7.4.yml,push,success,2026-08-20T07:35:26Z,355,b-7.4.x-honest-failure-paths,dantweb,3fb851c70391,1,2026-08-20,Daniil Tkachev,2,100,6,0,0,1,Sprint 133: Phase C completion + delivery report update
payment-base,32347265082,25,1,Tests on OXID 7.4,.github/workflows/test-integration-7.4.yml,push,failure,2026-08-20T08:07:31Z,136,b-7.4.x,dantweb,825c7d2ed6bf,1,2026-08-20,Daniil Tkachev,3,34,6,34,0,1,"Sprint 133 S20 (F20): one canonical accessor style, and say which mode"
payment-base,32347265031,27,1,Tests on OXID 7.5,.github/workflows/tests-integration-7.5.yml,push,success,2026-08-20T08:07:31Z,379,b-7.4.x,dantweb,825c7d2ed6bf,1,2026-08-20,Daniil Tkachev,3,34,6,34,0,1,"Sprint 133 S20 (F20): one canonical accessor style, and say which mode"
stripe-wallet,32347327986,60,1,Stripe full tests OXID CE 7.4,.github/workflows/stripe-tests-oxid7.4.yml,push,success,2026-08-20T08:08:17Z,432,b-7.4.x,dantweb,6541049ea670,1,2026-08-20,Daniil Tkachev,2,2,10,0,0,1,ci: point payment-base back at b-7.4.x
stripe-wallet,32347327962,60,1,Stripe full tests OXID CE 7.5,.github/workflows/stripe-tests-oxid7.5.yml,push,success,2026-08-20T08:08:17Z,432,b-7.4.x,dantweb,6541049ea670,1,2026-08-20,Daniil Tkachev,2,2,10,0,0,1,ci: point payment-base back at b-7.4.x
payment-base,32348158574,26,1,Tests on OXID 7.4,.github/workflows/test-integration-7.4.yml,push,failure,2026-08-20T08:18:27Z,108,b-7.4.x,dantweb,d343df0425df,1,2026-08-20,Daniil Tkachev,2,2,2,0,0,1,ci: require the module with @dev so composer resolution is deterministic
payment-base,32348158415,28,1,Tests on OXID 7.5,.github/workflows/tests-integration-7.5.yml,push,success,2026-08-20T08:18:27Z,339,b-7.4.x,dantweb,d343df0425df,1,2026-08-20,Daniil Tkachev,2,2,2,0,0,1,ci: require the module with @dev so composer resolution is deterministic
payment-base,32350115410,27,1,Tests on OXID 7.4,.github/workflows/test-integration-7.4.yml,push,success,2026-08-20T08:42:07Z,331,b-7.4.x,dantweb,b0c4f3f566ca,1,2026-08-20,Daniil Tkachev,1,14,0,0,0,1,ci(7.4): pin the migration wrapper to the b-7.4.x branch
payment-base,32350115330,29,1,Tests on OXID 7.5,.github/workflows/tests-integration-7.5.yml,push,success,2026-08-20T08:42:07Z,323,b-7.4.x,dantweb,b0c4f3f566ca,1,2026-08-20,Daniil Tkachev,1,14,0,0,0,1,ci(7.4): pin the migration wrapper to the b-7.4.x branch
